id,ticker,insider_name,insider_cik,officer_title,role,transaction_date,transaction_code,transaction_direction,shares,price_per_share,total_value,accession_number,filed_date,price_entry,price_30d,price_90d,price_180d,return_30d,return_90d,return_180d,signal_correct_30d,signal_correct_90d,spy_return_90d,adjusted_return_90d
45bcf06a-0bd8-4231-8fb9-92525d887467,GS,GOLDMAN SACHS GROUP INC,0000886982,,10% Owner,2022-08-10,P,buy,19100,12.0128,229444.48,0000899243-23-009615,2023-03-24,347.9100036621094,340.1000061035156,364.0199890136719,370.79998779296875,-2.24,4.63,6.58,false,true,-9.05,13.68
4878f784-8457-4c54-a46d-aeedf416e72f,GS,GOLDMAN SACHS GROUP INC,0000886982,,Insider,2026-04-07,P,buy,566000,5.69,3220540,0001193125-26-150095,2026-04-09,864.1500244140625,,,,,,,,,,
7579700e-3e52-4819-b137-2d5c6a804266,SPG,HUBBARD ALLAN B,0001192086,,Insider,2022-12-30,P,buy,378,116.42,44006.76,0001415889-23-000066,2023-01-03,117.4800033569336,125.94999694824219,107.55999755859375,112.79000091552734,7.21,-8.44,-3.99,true,false,5.56,-14
c1255bc1-72cb-4bda-9e99-4cedaa936bc1,SPG,HUBBARD ALLAN B,0001192086,,Insider,2023-03-31,P,buy,409,109.33,44715.97,0001415889-23-005740,2023-04-03,111.97000122070312,113.48999786376953,114.76000213623047,108.19000244140625,1.36,2.49,-3.38,true,true,7.02,-4.53
4997b135-ba54-4a82-a5c0-848fc867ebe5,SPG,HUBBARD ALLAN B,0001192086,,Insider,2023-06-30,P,buy,429,116.16,49832.64,0001415889-23-010668,2023-07-05,115.4800033569336,124.5999984741211,108.83000183105469,143.6699981689453,7.9,-5.76,24.41,true,false,-3.33,-2.43
2fd9ec1f-956d-4109-a7a5-91703a1f058d,SPG,HUBBARD ALLAN B,0001192086,,Insider,2023-09-29,P,buy,472,110.04,51938.88,0001415889-23-013836,2023-10-03,108.02999877929688,105.33000183105469,144.27999877929688,154.3300018310547,-2.5,33.56,42.86,false,true,11.51,22.05
34b4fcdf-8613-48e3-804d-d634ae979fcd,SPG,HUBBARD ALLAN B,0001192086,,Insider,2023-12-29,P,buy,367,143.85,52792.95,0001415889-24-000039,2024-01-02,142.63999938964844,141.72999572753906,156.49000549316406,147.58999633789062,-0.64,9.71,3.47,false,true,10.05,-0.34
ed960b9a-53c6-489a-8190-7e28d5808039,SPG,HUBBARD ALLAN B,0001192086,,Insider,2024-04-01,P,buy,357,154.19,55045.83,0001415889-24-009729,2024-04-02,153.47999572753906,140.17999267578125,146.52000427246094,169.02000427246094,-8.67,-4.53,10.13,false,false,4.44,-8.97
2d3c0b36-1b92-4ce1-b7ab-88d2bcee0a16,SPG,HUBBARD ALLAN B,0001192086,,Insider,2024-06-28,P,buy,397,150.17,59617.49,0001415889-24-018760,2024-07-02,151.8000030517578,152.8300018310547,166.41000366210938,173.8000030517578,0.68,9.62,14.49,true,true,5.16,4.46
65e30e8e-9a43-43ab-af08-643156132149,SPG,HUBBARD ALLAN B,0001192086,,Insider,2024-09-30,P,buy,370,167.3,61901,0001415889-24-024173,2024-10-01,169.02000427246094,172.0800018310547,170.8699951171875,166.0800018310547,1.81,1.09,-1.74,true,true,2.52,-1.43
8e7b1e24-eeca-4617-894e-237249d2886f,SPG,HUBBARD ALLAN B,0001192086,,Insider,2024-12-30,P,buy,381,168.59,64232.79,0001415889-25-000037,2025-01-02,170.8699951171875,173.6300048828125,166.0800018310547,160.75999450683594,1.62,-2.8,-5.92,true,false,-4.9,2.1
af203e36-d7a9-4a8e-8b1a-a372a106cb06,SPG,HUBBARD ALLAN B,0001192086,,Insider,2025-03-31,P,buy,395,164.8,65096,0001415889-25-009556,2025-04-02,166.0800018310547,157.3800048828125,160.75999450683594,185.85000610351562,-5.24,-3.2,11.9,false,false,10.45,-13.65
7e2dae5a-58dc-453d-be85-86b3f3b65e7e,AKAM,LEIGHTON F THOMSON,0001106232,Chief Executive Officer,Chief Executive Officer,2023-01-03,P,buy,295,84.98,25069.1,0001086222-23-000002,2023-01-03,84.97000122070312,91.27999877929688,77.87999725341797,91.31999969482422,7.43,-8.34,7.47,true,false,7.91,-16.25
e0c9db65-9573-46bb-bf12-b9fb13b2fdc3,AKAM,LEIGHTON F THOMSON,0001106232,Chief Executive Officer,Chief Executive Officer,2023-01-04,P,buy,292,85.89,25079.88,0001086222-23-000008,2023-01-06,85.86000061035156,89.33000183105469,77.56999969482422,91.31999969482422,4.04,-9.66,6.36,true,false,6.49,-16.15
ad940c3a-f125-484a-96fc-2dcc93212ca1,AKAM,LEIGHTON F THOMSON,0001106232,Chief Executive Officer,Chief Executive Officer,2023-01-05,P,buy,293,85.5,25051.5,0001086222-23-000008,2023-01-06,84.62000274658203,87.48999786376953,77.41000366210938,90.22000122070312,3.39,-8.52,6.62,true,false,7.44,-15.96
09e3b367-40cb-45fe-a738-a815a7da3523,AKAM,LEIGHTON F THOMSON,0001106232,Chief Executive Officer,Chief Executive Officer,2023-01-06,P,buy,293,85.49,25048.57,0001086222-23-000008,2023-01-06,85.8499984741211,87.48999786376953,78.91999816894531,90.22000122070312,1.91,-8.07,5.09,true,false,5.44,-13.51
8498f586-5eba-4f32-9159-1de1fbb3cdfe,AKAM,LEIGHTON F THOMSON,0001106232,Chief Executive Officer,Chief Executive Officer,2023-01-09,P,buy,290,86.5,25085,0001086222-23-000010,2023-01-10,86.87999725341797,86.2300033569336,78.2300033569336,90.83000183105469,-0.75,-9.96,4.55,false,false,5.61,-15.57
309eb6e8-4a3d-49a1-8b15-1c6dee1e5595,AKAM,LEIGHTON F THOMSON,0001106232,Chief Executive Officer,Chief Executive Officer,2023-01-10,P,buy,290,86.45,25070.5,0001086222-23-000010,2023-01-10,87.38999938964844,85.70999908447266,78.2300033569336,90.83000183105469,-1.92,-10.48,3.94,false,false,4.87,-15.35
40077a03-0bb4-4751-b3c1-190930cf9001,AKAM,LEIGHTON F THOMSON,0001106232,Chief Executive Officer,Chief Executive Officer,2023-01-11,P,buy,285,87.96,25068.6,0001086222-23-000014,2023-01-13,88.7300033569336,85.5,80.72000122070312,90.83000183105469,-3.64,-9.03,2.37,false,false,3.59,-12.62
2b06a744-b91c-46e3-8799-948ba317a0e6,AKAM,LEIGHTON F THOMSON,0001106232,Chief Executive Officer,Chief Executive Officer,2023-01-12,P,buy,282,88.87,25061.34,0001086222-23-000014,2023-01-13,88.63999938964844,87.97000122070312,81.18000030517578,90.94000244140625,-0.76,-8.42,2.59,false,false,2.79,-11.21
b605e9c8-69fa-4289-91b6-08758a16c143,AKAM,LEIGHTON F THOMSON,0001106232,Chief Executive Officer,Chief Executive Officer,2023-01-13,P,buy,283,88.5,25045.5,0001086222-23-000014,2023-01-13,88.69999694824219,87.97000122070312,83.16999816894531,91.02999877929688,-0.82,-6.23,2.63,false,false,3.76,-9.99
22779861-a48b-4660-ab41-a5646dab51a5,AKAM,LEIGHTON F THOMSON,0001106232,Chief Executive Officer,Chief Executive Officer,2023-01-17,P,buy,282,88.86,25058.52,0001086222-23-000016,2023-01-17,88.87999725341797,77.06999969482422,82.93000030517578,92.45999908447266,-13.29,-6.69,4.03,false,false,4.07,-10.76
a62c1970-494e-4ce5-803d-ed4b69b4402a,AKAM,LEIGHTON F THOMSON,0001106232,Chief Executive Officer,Chief Executive Officer,2023-01-18,P,buy,279,89.74,25037.46,0001086222-23-000018,2023-01-20,87.80000305175781,77.30000305175781,82.81999969482422,92.45999908447266,-11.96,-5.67,5.31,false,false,5.8,-11.47
882a3adb-f9eb-4890-8358-a65cca880dc6,AKAM,LEIGHTON F THOMSON,0001106232,Chief Executive Officer,Chief Executive Officer,2023-01-19,P,buy,285,87.88,25045.8,0001086222-23-000018,2023-01-20,86.58999633789062,76.4000015258789,82.19999694824219,93.80000305175781,-11.77,-5.07,8.33,false,false,6.56,-11.63
8a0951cb-56b4-4130-9336-d9896ad066d7,AKAM,LEIGHTON F THOMSON,0001106232,Chief Executive Officer,Chief Executive Officer,2023-01-20,P,buy,289,86.73,25064.97,0001086222-23-000018,2023-01-20,88.12999725341797,76.4000015258789,80.8499984741211,93.9800033569336,-13.31,-8.26,6.64,false,false,4.04,-12.3
c66d09d5-3a05-43ae-9f82-2df6f51f4062,AKAM,LEIGHTON F THOMSON,0001106232,Chief Executive Officer,Chief Executive Officer,2023-01-23,P,buy,285,87.99,25077.15,0001086222-23-000020,2023-01-24,89.19000244140625,76.8499984741211,80.6500015258789,92.80000305175781,-13.84,-9.58,4.05,false,false,3,-12.58
eb8d1fe9-894c-4759-a934-ef4abff06438,AKAM,LEIGHTON F THOMSON,0001106232,Chief Executive Officer,Chief Executive Officer,2023-01-24,P,buy,286,87.6,25053.6,0001086222-23-000020,2023-01-24,87.75,75.1500015258789,80.6500015258789,92.80000305175781,-14.36,-8.09,5.75,false,false,3.11,-11.2
85daf41f-4dc4-4e93-bcae-45d4bfd051d8,AKAM,LEIGHTON F THOMSON,0001106232,Chief Executive Officer,Chief Executive Officer,2023-01-25,P,buy,287,87.2,25026.4,0001086222-23-000022,2023-01-27,86.62000274658203,72.70999908447266,79.47000122070312,92.80000305175781,-16.06,-8.25,7.13,false,false,1.43,-9.68
4073b230-1ad1-433f-8978-8dbfa781ef7d,AKAM,LEIGHTON F THOMSON,0001106232,Chief Executive Officer,Chief Executive Officer,2023-01-26,P,buy,286,87.48,25019.28,0001086222-23-000022,2023-01-27,87.45999908447266,73.30000305175781,78.69999694824219,93.56999969482422,-16.19,-10.02,6.99,false,false,-0.1,-9.92
b8bdf7d6-a590-451b-89ac-73c6dbdf0cce,AKAM,LEIGHTON F THOMSON,0001106232,Chief Executive Officer,Chief Executive Officer,2023-01-27,P,buy,286,87.44,25007.84,0001086222-23-000022,2023-01-27,87.41999816894531,73.30000305175781,81.72000122070312,94.19000244140625,-16.15,-6.52,7.74,false,false,1.66,-8.18
de464f11-cc8f-443e-934d-5dd7177bddbb,AKAM,LEIGHTON F THOMSON,0001106232,Chief Executive Officer,Chief Executive Officer,2023-01-30,P,buy,287,87.36,25072.32,0001086222-23-000024,2023-01-31,87.33999633789062,73.05000305175781,80.54000091552734,94.5,-16.36,-7.79,8.2,false,false,3.72,-11.51
67ba11b9-0762-40d4-ad6f-3d4fcc58aca9,AKAM,LEIGHTON F THOMSON,0001106232,Chief Executive Officer,Chief Executive Officer,2023-01-31,P,buy,285,87.91,25054.35,0001086222-23-000024,2023-01-31,88.94999694824219,73.51000213623047,80.54000091552734,94.5,-17.36,-9.45,6.24,false,false,2.22,-11.67
c4fa0c5d-afd5-4589-89e0-9ae4b7e79364,AKAM,LEIGHTON F THOMSON,0001106232,Chief Executive Officer,Chief Executive Officer,2023-02-01,P,buy,283,88.56,25062.48,0001086222-23-000032,2023-02-03,89.58000183105469,75.6500015258789,78.95999908447266,94.5,-15.55,-11.86,5.49,false,false,0.01,-11.87
7fb967b2-8925-408e-93a4-67496b286244,AKAM,LEIGHTON F THOMSON,0001106232,Chief Executive Officer,Chief Executive Officer,2023-02-02,P,buy,279,89.83,25062.57,0001086222-23-000032,2023-02-03,91.27999877929688,74.94000244140625,78.45999908447266,94.0199966430664,-17.9,-14.04,3,false,false,-2.1,-11.94
357a684a-604f-4330-8f5c-c7c13dd41f7a,AKAM,LEIGHTON F THOMSON,0001106232,Chief Executive Officer,Chief Executive Officer,2023-02-03,P,buy,280,89.54,25071.2,0001086222-23-000032,2023-02-03,89.33000183105469,74.94000244140625,77.04000091552734,92.41999816894531,-16.11,-13.76,3.46,false,false,-1.75,-12.01
b8ad112a-dc80-4ab6-a726-1e6b53041c79,AKAM,LEIGHTON F THOMSON,0001106232,Chief Executive Officer,Chief Executive Officer,2023-02-06,P,buy,282,88.73,25021.86,0001086222-23-000034,2023-02-07,87.48999786376953,74.41000366210938,79.3499984741211,95.33000183105469,-14.95,-9.3,8.96,false,false,0.71,-10.01
dd7fc050-3fc3-44d1-916b-0ec7fbe78c5d,AKAM,LEIGHTON F THOMSON,0001106232,Chief Executive Officer,Chief Executive Officer,2023-02-07,P,buy,286,87.47,25016.42,0001086222-23-000034,2023-02-07,88.16000366210938,73.69999694824219,79.3499984741211,95.33000183105469,-16.4,-9.99,8.13,false,false,-0.59,-9.4
cfac8630-62db-4709-bd3c-522f6ec882d5,AKAM,LEIGHTON F THOMSON,0001106232,Chief Executive Officer,Chief Executive Officer,2023-02-08,P,buy,284,88.14,25031.76,0001086222-23-000038,2023-02-10,86.2300033569336,71.95999908447266,78.87999725341797,95.33000183105469,-16.55,-8.52,10.55,false,false,0.07,-8.59
179ef3c1-9b81-4858-82f8-1adcc5d40a4c,AKAM,LEIGHTON F THOMSON,0001106232,Chief Executive Officer,Chief Executive Officer,2023-02-09,P,buy,288,87.03,25064.64,0001086222-23-000038,2023-02-10,85.70999908447266,70.75,85.54000091552734,94.94999694824219,-17.45,-0.2,10.78,false,false,1.41,-1.61
24f031df-5a3b-4301-9705-9ab29ac2cb83,AKAM,LEIGHTON F THOMSON,0001106232,Chief Executive Officer,Chief Executive Officer,2023-02-10,P,buy,290,86.26,25015.4,0001086222-23-000038,2023-02-10,85.5,70.75,85.91999816894531,102.98999786376953,-17.25,0.49,20.46,false,true,1,-0.51
c8d1cc76-a252-4556-b3f2-bd65c5a57a92,AKAM,LEIGHTON F THOMSON,0001106232,Chief Executive Officer,Chief Executive Officer,2023-02-21,P,buy,325,76.99,25021.75,0001086222-23-000043,2023-02-21,76.4000015258789,75.05000305175781,87.94999694824219,100.58999633789062,-1.77,15.12,31.66,false,true,4.94,10.18
5c5ff8b1-c600-44e6-a086-eddbd93b06d5,AKAM,LEIGHTON F THOMSON,0001106232,Chief Executive Officer,Chief Executive Officer,2023-02-22,P,buy,326,76.77,25027.02,0001086222-23-000059,2023-02-23,76.8499984741211,76.05000305175781,87.02999877929688,100.58999633789062,-1.04,13.25,30.89,false,true,3.9,9.35
41457c69-72c6-4154-a168-ccdb561330a6,AKAM,LEIGHTON F THOMSON,0001106232,Chief Executive Officer,Chief Executive Officer,2023-02-23,P,buy,326,76.82,25043.32,0001086222-23-000059,2023-02-23,75.1500015258789,76.37000274658203,87.63999938964844,101.2300033569336,1.62,16.62,34.7,true,true,2.6,14.02
d5853db1-d930-40ad-86d8-f6d0935586d0,AKAM,LEIGHTON F THOMSON,0001106232,Chief Executive Officer,Chief Executive Officer,2023-02-24,P,buy,337,74.27,25028.99,0001086222-23-000074,2023-02-24,72.70999908447266,76.37000274658203,89.05999755859375,102.44000244140625,5.03,22.49,40.89,true,true,4.61,17.88
d72998f1-4613-46ce-ac83-6b8f99bf1ad8,AKAM,LEIGHTON F THOMSON,0001106232,Chief Executive Officer,Chief Executive Officer,2023-02-27,P,buy,342,73.22,25041.24,0001086222-23-000080,2023-02-28,73.30000305175781,76.7300033569336,92.11000061035156,103.22000122070312,4.68,25.66,40.82,true,true,5.64,20.02
6e55b11c-20df-4688-8511-7ad239ee29cf,AKAM,LEIGHTON F THOMSON,0001106232,Chief Executive Officer,Chief Executive Officer,2023-02-28,P,buy,340,73.72,25064.8,0001086222-23-000080,2023-02-28,72.5999984741211,76.55000305175781,92.11000061035156,103.22000122070312,5.44,26.87,42.18,true,true,6.04,20.83
2dff56e7-ff23-4feb-9b36-abb8ea6ca0b6,AKAM,LEIGHTON F THOMSON,0001106232,Chief Executive Officer,Chief Executive Officer,2023-03-01,P,buy,346,72.43,25060.78,0001086222-23-000092,2023-03-03,73.05000305175781,78.30000305175781,92.11000061035156,103.22000122070312,7.19,26.09,41.3,true,true,6.44,19.65
93d882fd-5a11-401e-a0ec-801a7ddcd404,AKAM,LEIGHTON F THOMSON,0001106232,Chief Executive Officer,Chief Executive Officer,2023-03-02,P,buy,343,73.08,25066.44,0001086222-23-000092,2023-03-03,73.51000213623047,77.87999725341797,92.12000274658203,104.4000015258789,5.94,25.32,42.02,true,true,5.04,20.28
48622b9a-76de-4741-b4d2-6b45b1a4e18d,AKAM,LEIGHTON F THOMSON,0001106232,Chief Executive Officer,Chief Executive Officer,2023-03-03,P,buy,338,74.17,25069.46,0001086222-23-000092,2023-03-03,75.6500015258789,77.87999725341797,91.44999694824219,104.63999938964844,2.95,20.89,38.32,true,true,4.36,16.53
1b770234-5238-4123-bd51-9f319c0057d9,AKAM,LEIGHTON F THOMSON,0001106232,Chief Executive Officer,Chief Executive Officer,2023-03-06,P,buy,329,75.99,25000.71,0001086222-23-000102,2023-03-06,74.94000244140625,77.41000366210938,93.83999633789062,104.55000305175781,3.3,25.22,39.51,true,true,5.59,19.63
3cd1212f-cb67-41b1-bd1a-18517de8fb53,AKAM,LEIGHTON F THOMSON,0001106232,Chief Executive Officer,Chief Executive Officer,2023-03-09,P,buy,336,74.44,25011.84,0001086222-23-000128,2023-03-10,73.69999694824219,78.2300033569336,92.87999725341797,104.55000305175781,6.15,26.02,41.86,true,true,8.94,17.08
19dae58d-6712-456b-9177-0f0d787464ef,AKAM,LEIGHTON F THOMSON,0001106232,Chief Executive Officer,Chief Executive Officer,2023-03-10,P,buy,339,73.64,24963.96,0001086222-23-000128,2023-03-10,71.95999908447266,78.2300033569336,92.62000274658203,103.80000305175781,8.71,28.71,44.25,true,true,11.2,17.51
9e90890f-59bc-4fe5-b212-3b8dbc9599ca,AKAM,LEIGHTON F THOMSON,0001106232,Chief Executive Officer,Chief Executive Officer,2023-03-13,P,buy,349,71.78,25051.22,0001086222-23-000132,2023-03-14,70.75,81.18000030517578,92.38999938964844,104.75,14.74,30.59,48.06,true,true,12.57,18.02
59c699c3-4974-45e7-affe-35a7c96cb769,AKAM,LEIGHTON F THOMSON,0001106232,Chief Executive Officer,Chief Executive Officer,2023-03-14,P,buy,349,71.77,25047.73,0001086222-23-000132,2023-03-14,71.83000183105469,83.16999816894531,92.38999938964844,104.75,15.79,28.62,45.83,true,true,10.74,17.88
b6d009ac-21e8-41e2-9c48-878e083fe46f,AKAM,LEIGHTON F THOMSON,0001106232,Chief Executive Officer,Chief Executive Officer,2023-03-15,P,buy,350,71.53,25035.5,0001086222-23-000141,2023-03-17,71.94000244140625,82.55000305175781,91.7699966430664,104.75,14.75,27.56,45.61,true,true,12.17,15.39
91ee7924-304e-4d9b-bca2-191121c29c81,AKAM,LEIGHTON F THOMSON,0001106232,Chief Executive Officer,Chief Executive Officer,2023-03-16,P,buy,348,71.88,25014.24,0001086222-23-000141,2023-03-17,72.52999877929688,82.93000030517578,91.98999786376953,104.01000213623047,14.34,26.83,43.4,true,true,10.37,16.46
4ef5049b-9cdd-4300-bc86-37aee31250fc,AKAM,LEIGHTON F THOMSON,0001106232,Chief Executive Officer,Chief Executive Officer,2023-03-17,P,buy,343,72.89,25001.27,0001086222-23-000141,2023-03-17,73.61000061035156,82.93000030517578,92.06999969482422,104.79000091552734,12.66,25.08,42.36,true,true,13.49,11.59
698590b0-ee2d-47f6-9b67-fac7e8c65ed3,AKAM,LEIGHTON F THOMSON,0001106232,Chief Executive Officer,Chief Executive Officer,2023-03-20,P,buy,341,73.38,25022.58,0001086222-23-000144,2023-03-22,75.13999938964844,82.19999694824219,90.68000030517578,105.58999633789062,9.4,20.68,40.52,true,true,11.03,9.65
9bceeb31-8952-448b-a04a-9103501688e5,AKAM,LEIGHTON F THOMSON,0001106232,Chief Executive Officer,Chief Executive Officer,2023-03-21,P,buy,333,75.26,25061.58,0001086222-23-000144,2023-03-22,75.69999694824219,80.8499984741211,90.68000030517578,105.58999633789062,6.8,19.79,39.48,true,true,9.59,10.2
6db98dff-ba0b-4fe6-b2c2-8b1c48889f0f,AKAM,LEIGHTON F THOMSON,0001106232,Chief Executive Officer,Chief Executive Officer,2023-03-22,P,buy,332,75.49,25062.68,0001086222-23-000144,2023-03-22,74.1500015258789,80.94000244140625,90.68000030517578,105.58999633789062,9.16,22.29,42.4,true,true,11.49,10.8
fb466856-56a2-4397-aa79-ea5aca900259,AKAM,LEIGHTON F THOMSON,0001106232,Chief Executive Officer,Chief Executive Officer,2023-03-23,P,buy,335,74.8,25058,0001086222-23-000146,2023-03-24,75.05000305175781,80.6500015258789,88.06999969482422,106.62000274658203,7.46,17.35,42.07,true,true,10.62,6.73
9fd45b47-f8d8-4b06-97d8-cdedc9e4713a,AKAM,LEIGHTON F THOMSON,0001106232,Chief Executive Officer,Chief Executive Officer,2023-03-24,P,buy,333,75.18,25034.94,0001086222-23-000146,2023-03-24,76.05000305175781,80.6500015258789,88.26000213623047,108.48999786376953,6.05,16.06,42.66,true,true,10.3,5.76
8e06dfb7-ab25-449d-8ef6-74dd1209d8c8,AKAM,LEIGHTON F THOMSON,0001106232,Chief Executive Officer,Chief Executive Officer,2023-03-27,P,buy,326,76.69,25000.94,0001086222-23-000148,2023-03-28,76.37000274658203,78.69999694824219,88.44999694824219,107.61000061035156,3.05,15.82,40.91,true,true,8.81,7.01
1f89289d-619c-42e4-bba5-e7fcd8b71d49,AKAM,LEIGHTON F THOMSON,0001106232,Chief Executive Officer,Chief Executive Officer,2023-03-28,P,buy,327,76.46,25002.42,0001086222-23-000148,2023-03-28,76.58000183105469,81.72000122070312,88.44999694824219,107.61000061035156,6.71,15.5,40.52,true,true,9.06,6.44
d0b0c74c-2908-42d9-ac77-adb8101c4b46,AKAM,LEIGHTON F THOMSON,0001106232,Chief Executive Officer,Chief Executive Officer,2023-03-29,P,buy,325,77.01,25028.25,0001086222-23-000159,2023-03-31,76.7300033569336,81.97000122070312,89.3499984741211,107.61000061035156,6.83,16.45,40.25,true,true,8.68,7.77
62e9dae3-e1fc-4821-8dd2-5bf0cedda538,AKAM,LEIGHTON F THOMSON,0001106232,Chief Executive Officer,Chief Executive Officer,2023-03-30,P,buy,325,77,25025,0001086222-23-000159,2023-03-31,76.55000305175781,80.54000091552734,89.05000305175781,106.25,5.21,16.33,38.8,true,true,8.1,8.23
12810025-4038-4ee0-acc6-aeac95fc288f,AKAM,LEIGHTON F THOMSON,0001106232,Chief Executive Officer,Chief Executive Officer,2023-03-31,P,buy,326,76.88,25062.88,0001086222-23-000159,2023-03-31,78.30000305175781,80.54000091552734,89.19000244140625,106.95999908447266,2.86,13.91,36.6,true,true,7.02,6.89
2713d214-3e1f-4463-becc-26505c2306da,AKAM,LEIGHTON F THOMSON,0001106232,Chief Executive Officer,Chief Executive Officer,2023-04-03,P,buy,319,78.48,25035.12,0001086222-23-000171,2023-04-05,77.87999725341797,78.45999908447266,91.31999969482422,106.83000183105469,0.74,17.26,37.17,true,true,7.99,9.27
40ccca44-5048-462f-9ed6-500f008776f8,AKAM,LEIGHTON F THOMSON,0001106232,Chief Executive Officer,Chief Executive Officer,2023-04-04,P,buy,321,77.99,25034.79,0001086222-23-000171,2023-04-05,77.56999969482422,77.04000091552734,91.31999969482422,106.83000183105469,-0.68,17.73,37.72,false,true,8.59,9.14
01875d1d-2d5c-4b6e-a9f5-d88b049c8a7d,AKAM,LEIGHTON F THOMSON,0001106232,Chief Executive Officer,Chief Executive Officer,2023-04-05,P,buy,323,77.6,25064.8,0001086222-23-000171,2023-04-05,77.41000366210938,78.55999755859375,90.22000122070312,106.83000183105469,1.49,16.55,38.01,true,true,8.72,7.83
82f09014-6a6a-4d13-9f09-237f466b605c,AKAM,LEIGHTON F THOMSON,0001106232,Chief Executive Officer,Chief Executive Officer,2023-04-06,P,buy,324,77.38,25071.12,0001086222-23-000174,2023-04-10,78.91999816894531,79.3499984741211,90.22000122070312,105.62000274658203,0.54,14.32,33.83,true,true,8.29,6.03
a6c8ce93-fd9c-4e33-9252-2209704f0bad,AKAM,LEIGHTON F THOMSON,0001106232,Chief Executive Officer,Chief Executive Officer,2023-04-10,P,buy,319,78.42,25015.98,0001086222-23-000174,2023-04-10,78.2300033569336,85.54000091552734,90.83000183105469,105.7300033569336,9.34,16.11,35.15,true,true,7.34,8.77
c75a6914-0cd8-40c9-8b06-ca83801ae453,AKAM,LEIGHTON F THOMSON,0001106232,Chief Executive Officer,Chief Executive Officer,2023-04-11,P,buy,314,79.78,25050.92,0001086222-23-000176,2023-04-12,80.72000122070312,85.91999816894531,90.83000183105469,105.7300033569336,6.44,12.52,30.98,true,true,7.31,5.21
1ef7799c-015e-4608-b172-66e9c961c22d,AKAM,LEIGHTON F THOMSON,0001106232,Chief Executive Officer,Chief Executive Officer,2023-04-12,P,buy,308,81.23,25018.84,0001086222-23-000176,2023-04-12,81.18000030517578,85.31999969482422,90.94000244140625,105.7300033569336,5.1,12.02,30.24,true,true,8.43,3.59
e6985991-f54f-43b0-b2d0-e78679e456b1,AKAM,LEIGHTON F THOMSON,0001106232,Chief Executive Officer,Chief Executive Officer,2023-04-13,P,buy,307,81.56,25038.92,0001628280-23-011652,2023-04-14,83.16999816894531,85.91999816894531,91.02999877929688,108.19000244140625,3.31,9.45,30.08,true,true,7.87,1.58
29d660fd-eb40-4c9c-8737-ffd4ad8d2f7a,AKAM,LEIGHTON F THOMSON,0001106232,Chief Executive Officer,Chief Executive Officer,2023-04-14,P,buy,302,83,25066,0001628280-23-011652,2023-04-14,82.55000305175781,85.91999816894531,93.02999877929688,108.37000274658203,4.08,12.7,31.28,true,true,8.99,3.71
627dff31-1fcd-4369-b993-747d2821d1a8,AKAM,LEIGHTON F THOMSON,0001106232,Chief Executive Officer,Chief Executive Officer,2023-04-17,P,buy,303,82.54,25009.62,0001628280-23-011974,2023-04-18,82.93000030517578,86.7699966430664,92.45999908447266,107.37999725341797,4.63,11.49,29.48,true,true,8.91,2.58
0a4098f5-34ba-4f1a-9c98-bfb907aaf643,AKAM,LEIGHTON F THOMSON,0001106232,Chief Executive Officer,Chief Executive Officer,2023-04-18,P,buy,300,83.35,25005,0001628280-23-011974,2023-04-18,82.81999969482422,87.7699966430664,92.45999908447266,107.37999725341797,5.98,11.64,29.65,true,true,8.84,2.8
456656c3-1c9a-4f7c-89d4-2abdd562635b,AKAM,LEIGHTON F THOMSON,0001106232,Chief Executive Officer,Chief Executive Officer,2023-04-19,P,buy,302,82.8,25005.6,0001628280-23-012441,2023-04-21,82.19999694824219,87.2699966430664,93.80000305175781,107.37999725341797,6.17,14.11,30.63,true,true,9.67,4.44
b4c7d736-61f3-4999-9f81-1f68fe013f47,AKAM,LEIGHTON F THOMSON,0001106232,Chief Executive Officer,Chief Executive Officer,2023-04-20,P,buy,305,82,25010,0001628280-23-012441,2023-04-21,80.8499984741211,87.94999694824219,93.9800033569336,107.63999938964844,8.78,16.24,33.14,true,true,10.52,5.72
35290a99-b9dd-43eb-a1e0-148492bcc1f2,AKAM,LEIGHTON F THOMSON,0001106232,Chief Executive Officer,Chief Executive Officer,2023-04-21,P,buy,309,80.98,25022.82,0001628280-23-012441,2023-04-21,80.94000244140625,87.94999694824219,92.18000030517578,107.11000061035156,8.66,13.89,32.33,true,true,9.7,4.19
08e02026-8da2-4423-bedc-9173cce53a46,AKAM,LEIGHTON F THOMSON,0001106232,Chief Executive Officer,Chief Executive Officer,2023-04-24,P,buy,309,80.91,25001.19,0001628280-23-013258,2023-04-26,80.6500015258789,87.63999938964844,92.80000305175781,103.4800033569336,8.67,15.07,28.31,true,true,10.07,5
7ef87bd5-30ff-40ea-b9b8-5e2ba518a46c,AKAM,LEIGHTON F THOMSON,0001106232,Chief Executive Officer,Chief Executive Officer,2023-04-25,P,buy,311,80.64,25079.04,0001628280-23-013258,2023-04-26,79.47000122070312,89.05999755859375,92.80000305175781,103.4800033569336,12.07,16.77,30.21,true,true,11.85,4.92
0a3c7cad-39c3-4487-80b8-8e2c004b434e,AKAM,LEIGHTON F THOMSON,0001106232,Chief Executive Officer,Chief Executive Officer,2023-04-26,P,buy,315,79.47,25033.05,0001628280-23-013258,2023-04-26,78.69999694824219,90.56999969482422,93.56999969482422,103.4800033569336,15.08,18.89,31.49,true,true,12.63,6.26
fa6b8553-e1a5-495d-8d32-21e11711ba6f,AKAM,LEIGHTON F THOMSON,0001106232,Chief Executive Officer,Chief Executive Officer,2023-04-27,P,buy,314,79.66,25013.24,0001628280-23-014240,2023-04-28,81.72000122070312,92.11000061035156,94.19000244140625,104.2699966430664,12.71,15.26,27.59,true,true,10.45,4.81
ac13f985-cbd4-47fb-bb44-950329068a75,AKAM,LEIGHTON F THOMSON,0001106232,Chief Executive Officer,Chief Executive Officer,2023-04-28,P,buy,308,81.41,25074.28,0001628280-23-014240,2023-04-28,81.97000122070312,92.11000061035156,93.98999786376953,102.5999984741211,12.37,14.66,25.17,true,true,8.79,5.87
bc2694d9-014a-45fc-9a92-db2133e17ecc,AKAM,LEIGHTON F THOMSON,0001106232,Chief Executive Officer,Chief Executive Officer,2023-05-04,P,buy,319,78.43,25019.17,0001628280-23-016136,2023-05-05,77.04000091552734,93.83999633789062,92.41999816894531,103.33000183105469,21.81,19.96,34.13,true,true,11.11,8.85
9aba9b7b-f13c-4fd7-8769-a9f6a18a8284,AKAM,LEIGHTON F THOMSON,0001106232,Chief Executive Officer,Chief Executive Officer,2023-05-05,P,buy,323,77.53,25042.19,0001628280-23-016136,2023-05-05,78.55999755859375,93.83999633789062,92.73999786376953,103.88999938964844,19.45,18.05,32.24,true,true,8.78,9.27
eb7f2d01-abcc-45f4-8a1d-23e4e2537d1f,AKAM,LEIGHTON F THOMSON,0001106232,Chief Executive Officer,Chief Executive Officer,2023-05-15,P,buy,293,85.33,25001.69,0001086222-23-000194,2023-05-16,85.91999816894531,91.98999786376953,103.94999694824219,110.9800033569336,7.06,20.98,29.17,true,true,8.5,12.48
b9824b8b-b2d3-475b-844d-05114aee622a,AKAM,LEIGHTON F THOMSON,0001106232,Chief Executive Officer,Chief Executive Officer,2023-05-16,P,buy,293,85.51,25054.43,0001086222-23-000194,2023-05-16,86.87000274658203,92.06999969482422,103.94999694824219,110.9800033569336,5.99,19.66,27.75,true,true,9.23,10.43
081622d7-7e35-4f8c-918d-5662196714a7,AKAM,LEIGHTON F THOMSON,0001106232,Chief Executive Officer,Chief Executive Officer,2023-05-17,P,buy,288,87,25056,0001086222-23-000199,2023-05-19,86.7699966430664,91.5,103.11000061035156,110.9800033569336,5.45,18.83,27.9,true,true,6.66,12.17
8f862b71-c18d-407f-b04c-d64749ec0088,AKAM,LEIGHTON F THOMSON,0001106232,Chief Executive Officer,Chief Executive Officer,2023-05-18,P,buy,289,86.73,25064.97,0001086222-23-000199,2023-05-19,87.7699966430664,90.68000030517578,101.68000030517578,112.12000274658203,3.32,15.85,27.74,true,true,4.87,10.98
58f43f1d-b531-4efc-83bc-89c8f2846d72,AKAM,LEIGHTON F THOMSON,0001106232,Chief Executive Officer,Chief Executive Officer,2023-05-19,P,buy,285,87.86,25040.1,0001086222-23-000199,2023-05-19,87.2699966430664,90.68000030517578,100.20999908447266,112.05999755859375,3.91,14.83,28.41,true,true,4.22,10.61
f5b2bb09-7565-4fb9-a5e5-ca4eda70002d,AKAM,LEIGHTON F THOMSON,0001106232,Chief Executive Officer,Chief Executive Officer,2023-05-22,P,buy,286,87.52,25030.72,0001086222-23-000204,2023-05-23,87.94999694824219,88.06999969482422,100.58999633789062,112.47000122070312,0.14,14.37,27.88,true,true,4.91,9.46
bd73e319-2618-402c-9d66-5e26ab7ed9fa,AKAM,LEIGHTON F THOMSON,0001106232,Chief Executive Officer,Chief Executive Officer,2023-05-23,P,buy,286,87.71,25085.06,0001086222-23-000204,2023-05-23,87.02999877929688,88.26000213623047,100.58999633789062,112.47000122070312,1.41,15.58,29.23,true,true,6.1,9.48
bb2990e6-d89e-42cc-94c7-a2fb2f31fc87,AKAM,LEIGHTON F THOMSON,0001106232,Chief Executive Officer,Chief Executive Officer,2023-05-24,P,buy,288,86.96,25044.48,0001086222-23-000206,2023-05-26,87.63999938964844,88.62999725341797,101.2300033569336,112.47000122070312,1.13,15.51,28.33,true,true,6.58,8.93
b43788ca-f069-4389-b335-bef7294b312a,AKAM,LEIGHTON F THOMSON,0001106232,Chief Executive Officer,Chief Executive Officer,2023-05-25,P,buy,284,88.29,25074.36,0001086222-23-000206,2023-05-26,89.05999755859375,88.44999694824219,102.44000244140625,113.12999725341797,-0.68,15.02,27.03,false,true,6.84,8.18
e0e49f9e-227e-4f50-ae70-7b0100c82315,AKAM,LEIGHTON F THOMSON,0001106232,Chief Executive Officer,Chief Executive Officer,2023-05-26,P,buy,280,89.39,25029.2,0001086222-23-000206,2023-05-26,90.56999969482422,88.44999694824219,101.6500015258789,113.56999969482422,-2.34,12.23,25.39,false,true,4.02,8.21
031b9bf0-f2c8-434a-8f12-500bd19a5cfc,AKAM,LEIGHTON F THOMSON,0001106232,Chief Executive Officer,Chief Executive Officer,2023-05-30,P,buy,275,91.06,25041.5,0001086222-23-000210,2023-05-31,92.11000061035156,89.19000244140625,103.22000122070312,113.75,-3.17,12.06,23.49,false,true,5.37,6.69
12f684b7-ad8c-4bb4-810d-5567e69803d9,AKAM,LEIGHTON F THOMSON,0001106232,Chief Executive Officer,Chief Executive Officer,2023-05-31,P,buy,272,92,25024,0001086222-23-000210,2023-05-31,92.12000274658203,89.87000274658203,104.4000015258789,113.75,-2.44,13.33,23.48,false,true,7.49,5.84
12ffa4f7-08c3-405b-83c9-298fee748114,AKAM,LEIGHTON F THOMSON,0001106232,Chief Executive Officer,Chief Executive Officer,2023-06-01,P,buy,272,92,25024,0001086222-23-000213,2023-06-02,91.44999694824219,91.31999969482422,104.63999938964844,114.6500015258789,-0.14,14.42,25.37,false,true,6.92,7.5
4d72e72b-e2ca-49c4-91df-960572d3fb4e,AKAM,LEIGHTON F THOMSON,0001106232,Chief Executive Officer,Chief Executive Officer,2023-06-02,P,buy,272,92.01,25026.72,0001086222-23-000213,2023-06-02,93.51000213623047,91.31999969482422,105.08999633789062,115.69999694824219,-2.34,12.38,23.73,false,true,5.24,7.14
49ac31a9-7acd-4843-b943-45b385a4062f,AKAM,LEIGHTON F THOMSON,0001106232,Chief Executive Officer,Chief Executive Officer,2023-06-05,P,buy,269,92.98,25011.62,0001086222-23-000218,2023-06-06,93.83999633789062,90.22000122070312,104.55000305175781,115.9000015258789,-3.86,11.41,23.51,false,true,5.18,6.23
1a698cdf-157e-4485-ae21-380601d86715,AKAM,LEIGHTON F THOMSON,0001106232,Chief Executive Officer,Chief Executive Officer,2023-06-06,P,buy,267,93.81,25047.27,0001086222-23-000218,2023-06-06,93.30999755859375,89.5,104.55000305175781,115.9000015258789,-4.08,12.05,24.21,false,true,4.96,7.09
6d402a1c-0fa5-4d27-8af3-0de61c3365a0,AKAM,LEIGHTON F THOMSON,0001106232,Chief Executive Officer,Chief Executive Officer,2023-06-07,P,buy,267,92.98,24825.66,0001086222-23-000223,2023-06-09,92.87999725341797,89.7699966430664,104.55000305175781,115.9000015258789,-3.35,12.56,24.78,false,true,5.32,7.24
5f924e48-7f3b-4dc1-ac59-68f195c6be79,AKAM,LEIGHTON F THOMSON,0001106232,Chief Executive Officer,Chief Executive Officer,2023-06-08,P,buy,265,93.8,24857,0001086222-23-000223,2023-06-09,92.62000274658203,90.83000183105469,103.80000305175781,115.62000274658203,-1.93,12.07,24.83,false,true,3.98,8.09
351af85c-f142-40aa-80e1-64a6b3454c6e,AKAM,LEIGHTON F THOMSON,0001106232,Chief Executive Officer,Chief Executive Officer,2023-06-09,P,buy,270,92.6,25002,0001086222-23-000223,2023-06-09,92.4800033569336,90.83000183105469,104.06999969482422,114.47000122070312,-1.78,12.53,23.78,false,true,3.48,9.05
47773978-7ddd-4298-b0f6-5cb05f88b4f8,AKAM,LEIGHTON F THOMSON,0001106232,Chief Executive Officer,Chief Executive Officer,2023-06-12,P,buy,271,92.43,25048.53,0001086222-23-000225,2023-06-13,92.38999938964844,91.02999877929688,104.75,114.72000122070312,-1.47,13.38,24.17,false,true,3.38,10
d1f03074-2d4d-4468-aab1-bee0d5784af8,AKAM,LEIGHTON F THOMSON,0001106232,Chief Executive Officer,Chief Executive Officer,2023-06-13,P,buy,270,92.8,25056,0001086222-23-000225,2023-06-13,91.7699966430664,93.02999877929688,104.75,114.72000122070312,1.37,14.14,25.01,true,true,2.7,11.44
252f0ad6-af76-4298-b99b-9595bbd27320,AKAM,LEIGHTON F THOMSON,0001106232,Chief Executive Officer,Chief Executive Officer,2023-06-14,P,buy,273,91.69,25031.37,0001086222-23-000232,2023-06-16,91.98999786376953,92.31999969482422,104.01000213623047,114.72000122070312,0.36,13.07,24.71,true,true,2.02,11.05
44c261b2-8f0c-4411-9a22-9a8ef4d4cb2e,AKAM,LEIGHTON F THOMSON,0001106232,Chief Executive Officer,Chief Executive Officer,2023-06-15,P,buy,274,91.4,25043.6,0001086222-23-000232,2023-06-16,92.06999969482422,92.45999908447266,104.79000091552734,115.33000183105469,0.42,13.82,25.26,true,true,0.88,12.94
dbf67a3d-6754-48b3-8838-0396102d8155,AKAM,LEIGHTON F THOMSON,0001106232,Chief Executive Officer,Chief Executive Officer,2023-06-16,P,buy,271,92.31,25016.01,0001086222-23-000232,2023-06-16,91.5,92.45999908447266,105.5199966430664,117.5,1.05,15.32,28.42,true,true,2.48,12.84
7e907fb2-acec-4f25-96fe-594842246c9d,AKAM,LEIGHTON F THOMSON,0001106232,Chief Executive Officer,Chief Executive Officer,2023-06-20,P,buy,275,91.2,25080,0001086222-23-000234,2023-06-20,90.68000030517578,92.18000030517578,105.58999633789062,119.94000244140625,1.65,16.44,32.27,true,true,1.48,14.96
7b93b5aa-c769-419b-97cd-5db4250babdf,AKAM,LEIGHTON F THOMSON,0001106232,Chief Executive Officer,Chief Executive Officer,2024-05-14,P,buy,22000,92.68,2038960,0001086222-24-000168,2024-05-14,93.12999725341797,88.3499984741211,99.58000183105469,91.06999969482422,-5.13,6.93,-2.21,false,true,1.91,5.02
24d9dad0-ee03-4b58-93ad-59917f27f059,AKAM,LEIGHTON F THOMSON,0001106232,Chief Executive Officer,Chief Executive Officer,2025-02-27,P,buy,35470,79.5574,2821900.98,0001086222-25-000059,2025-02-27,77.87000274658203,80.5,76.41999816894531,76.94000244140625,3.38,-1.86,-1.19,true,false,0.46,-2.32
478d4984-fdf0-42ad-8eea-fd7731d86edf,AKAM,LEIGHTON F THOMSON,0001106232,Chief Executive Officer,Chief Executive Officer,2025-08-11,P,buy,2076,71.3315,148084.19,0001086222-25-000228,2025-08-12,70.61000061035156,76.75,87.12000274658203,94.72000122070312,8.7,23.38,34.15,true,true,7.16,16.22
5a05fab2-3597-48a1-ad78-72c688c528fd,FDX,LANE AMY B,0001208529,,Director,2023-01-03,P,buy,280,175.831,49232.68,0001127602-23-000161,2023-01-03,177.27000427246094,214.5,228.83999633789062,247.5500030517578,21,29.09,39.65,true,true,7.91,21.18
2e454652-214b-4a52-b313-422d5d938a10,FDX,LANE AMY B,0001208529,,Director,2023-04-06,P,buy,415,232.6096,96532.98,0001127602-23-012680,2023-04-06,232.10000610351562,230.72999572753906,248.32000732421875,260.19000244140625,-0.59,6.99,12.1,false,true,8.29,-1.3
2b72ca58-b892-4327-807e-98582c0d8933,FDX,LANE AMY B,0001208529,,Director,2023-12-26,P,buy,200,253.2168,50643.36,0001127602-23-030443,2023-12-26,251.99000549316406,253.1300048828125,282.57000732421875,256.510009765625,0.45,12.14,1.79,true,true,9.28,2.86
6e857d0e-df79-40cd-ad57-c7d118a95912,FDX,LANE AMY B,0001208529,,Director,2024-12-26,P,buy,333,276.0635,91929.15,0001127602-24-030078,2024-12-26,278.6600036621094,281.5299987792969,243.6699981689453,229.50999450683594,1.03,-12.56,-17.64,true,false,-5.45,-7.11
e45f9ca4-bb9d-4458-b3c5-62aabf3eeeac,CRWD,AUSTIN ROXANNE S,0001061632,,Insider,2023-01-05,P,buy,15500,99,1534500,0001415889-23-002556,2023-02-14,94.88999938964844,109.41999816894531,127.80000305175781,145.0800018310547,15.31,34.68,52.89,true,true,7.44,27.24
5ce9e5cd-8060-4dde-a1dc-e79a46f16872,ARES,ARES MANAGEMENT LLC,0001259313,,10% Owner,2023-01-13,P,buy,330000,1.3937,459921,0001104659-23-004343,2023-01-17,77.47000122070312,84.95999908447266,84.62999725341797,96.66000366210938,9.67,9.24,24.77,true,true,3.76,5.48
10f5556a-0fbc-4f9c-be69-4121e9641b2b,ARES,ARES MANAGEMENT LLC,0001259313,,10% Owner,2023-01-17,P,buy,400000,1.3603,544120,0001104659-23-005118,2023-01-19,78.06999969482422,83.5,82.94999694824219,100.94999694824219,6.96,6.25,29.31,true,true,4.07,2.18
c04dbad1-f588-422e-9089-4c1394176772,ARES,ARES MANAGEMENT LLC,0001259313,,10% Owner,2023-01-18,P,buy,700000,1.3694,958580,0001104659-23-005425,2023-01-20,77.97000122070312,83.11000061035156,85.81999969482422,100.94999694824219,6.59,10.07,29.47,true,true,5.8,4.27
1051eccd-2801-422d-b2f3-704b08b1d9c1,ARES,ARES MANAGEMENT LLC,0001259313,,10% Owner,2023-01-19,P,buy,300000,1.3278,398340,0001104659-23-005425,2023-01-20,75.93000030517578,80.5199966430664,86.88999938964844,101.75,6.05,14.43,34.01,true,true,6.56,7.87
eead75ab-4f51-4817-b882-2e5e2842cd60,ARES,ARES MANAGEMENT LLC,0001259313,,10% Owner,2023-01-20,P,buy,500000,1.4418,720900,0001104659-23-006290,2023-01-24,78.62999725341797,80.5199966430664,86.26000213623047,102.06999969482422,2.4,9.7,29.81,true,true,4.04,5.66
7a8ecb5a-265d-4bc1-8af4-f1c5879156c9,ARES,ARES MANAGEMENT LLC,0001259313,,10% Owner,2023-01-23,P,buy,730000,1.6522,1206106,0001104659-23-006290,2023-01-24,79.63999938964844,80.83000183105469,86.8499984741211,100.47000122070312,1.49,9.05,26.16,true,true,3,6.05
4d4152a0-d8a5-40ec-a81f-291383afa43e,ARES,ARES MANAGEMENT LLC,0001259313,,10% Owner,2023-01-24,P,buy,721000,1.6462,1186910.2,0001104659-23-007104,2023-01-26,78.55999755859375,81.97000122070312,86.8499984741211,100.47000122070312,4.34,10.55,27.89,true,true,3.11,7.44
962198dc-d818-467b-89ff-d66bb1e6a895,ARES,ARES MANAGEMENT LLC,0001259313,,10% Owner,2023-01-25,P,buy,875000,1.5616,1366400,0001104659-23-007104,2023-01-26,78.4000015258789,80.16999816894531,83.2699966430664,100.47000122070312,2.26,6.21,28.15,true,true,1.43,4.78
89455eb7-1fb7-4110-bdef-ae7e5b2c88a3,ARES,ARES MANAGEMENT LLC,0001259313,,10% Owner,2023-01-26,P,buy,597518,1.7347,1036514.47,0001104659-23-008147,2023-01-30,81.20999908447266,80.1500015258789,81.62999725341797,101.38999938964844,-1.31,0.52,24.85,false,true,-0.1,0.62
4e8c83d2-20eb-4d10-837c-96783411e13a,ARES,ARES MANAGEMENT LLC,0001259313,,10% Owner,2023-01-27,P,buy,525902,1.7969,944993.3,0001104659-23-008147,2023-01-30,82.9000015258789,80.1500015258789,83.44999694824219,100.58999633789062,-3.32,0.66,21.34,false,true,1.66,-1
18625a5c-25b2-4fa0-ae9a-5ef640f4c04b,ARES,ARES MANAGEMENT LLC,0001259313,,10% Owner,2023-01-30,P,buy,500000,1.7947,897350,0001104659-23-009641,2023-02-02,81.18000030517578,80.7300033569336,85.56999969482422,99.22000122070312,-0.55,5.41,22.22,false,true,3.72,1.69
05a6d3f6-5d9e-4e8c-b9c2-0b1e428f84f6,ARES,ARES MANAGEMENT LLC,0001259313,,10% Owner,2023-03-13,P,buy,168692,23.7664,4009201.55,0001104659-23-032916,2023-03-15,72.7300033569336,81.6500015258789,92.91999816894531,105.5999984741211,12.26,27.76,45.19,true,true,12.57,15.19
947de869-0e7f-4cfa-9fea-af80f74eed0b,ARES,ARES MANAGEMENT LLC,0001259313,,10% Owner,2023-03-15,P,buy,250000,23.8518,5962950,0001104659-23-033890,2023-03-17,75.36000061035156,82.86000061035156,94.81999969482422,105.5999984741211,9.95,25.82,40.13,true,true,12.17,13.65
05a4f9e4-569f-48e9-af39-e4c6f5dc1b22,ARES,ARES MANAGEMENT LLC,0001259313,,10% Owner,2023-03-16,P,buy,81208,23.6288,1918847.59,0001104659-23-033890,2023-03-17,76.2699966430664,82.94999694824219,94.16999816894531,105.62000274658203,8.76,23.47,38.48,true,true,10.37,13.1
9cfbf29b-4a87-4f1f-9b25-176e7be2b63c,ARES,ARES MANAGEMENT LLC,0001259313,,10% Owner,2023-03-27,P,buy,750000,21.4778,16108350,0001104659-23-038303,2023-03-29,81.08999633789062,81.62999725341797,91.70999908447266,105.69999694824219,0.67,13.1,30.35,true,true,8.81,4.29
c44add14-1e3d-4df0-9c63-cf33bd29c5c9,ARES,ARES MANAGEMENT LLC,0001259313,,10% Owner,2023-03-28,P,buy,500000,20.5975,10298750,0001104659-23-038303,2023-03-29,80.0999984741211,83.44999694824219,91.70999908447266,105.69999694824219,4.18,14.49,31.96,true,true,9.06,5.43
263b011b-fd76-4c8d-a617-0ee1eaf4393d,ARES,ARES MANAGEMENT LLC,0001259313,,10% Owner,2023-03-29,P,buy,139522,21.0939,2943063.12,0001104659-23-040345,2023-03-31,81.4000015258789,87.58999633789062,93.0199966430664,105.69999694824219,7.6,14.28,29.85,true,true,8.68,5.6
d4e80a5a-67a7-48a8-8d64-d9c1ea36c7c7,ARES,ARES MANAGEMENT LLC,0001259313,,10% Owner,2023-04-14,P,buy,200000,21.4401,4288020,0001104659-23-046861,2023-04-18,82.86000061035156,83.2699966430664,101.0999984741211,111.13999938964844,0.49,22.01,34.13,true,true,8.99,13.02
647b5e29-c259-4ec4-b300-85140aff0b3d,ARES,ARES MANAGEMENT LLC,0001259313,,10% Owner,2023-04-20,P,buy,200000,20.8459,4169180,0001104659-23-048977,2023-04-24,86.26000213623047,85.12999725341797,102.06999969482422,109.5199966430664,-1.31,18.33,26.96,false,true,10.52,7.81
6310c3c1-79e3-4e38-8bbd-6936ef853c82,ARES,ARES MANAGEMENT LLC,0001259313,,10% Owner,2023-04-25,P,buy,250000,21.5567,5389175,0001104659-23-051320,2023-04-27,83.2699966430664,84.27999877929688,100.47000122070312,100.98999786376953,1.21,20.66,21.28,true,true,11.85,8.81
0fd1c187-2b1a-489f-b890-79fc188cb088,ARES,ARES MANAGEMENT LLC,0001259313,,10% Owner,2023-05-04,P,buy,200000,21.8576,4371520,0001104659-23-057136,2023-05-08,79.52999877929688,89.13999938964844,100.44999694824219,98.58999633789062,12.08,26.3,23.97,true,true,11.11,15.19
4fa5c79b-ee33-488b-8a65-dd7ff840f0b9,ARES,ARES MANAGEMENT LLC,0001259313,,10% Owner,2023-05-05,P,buy,160844,19.9445,3207953.16,0001104659-23-057136,2023-05-08,81.94999694824219,89.13999938964844,99.80000305175781,101.70999908447266,8.77,21.78,24.11,true,true,8.78,13
c057b72a-deea-4189-b5be-2e883e938820,ARES,ARES MANAGEMENT LLC,0001259313,,10% Owner,2023-08-22,P,buy,179168,15.1669,2717423.14,0001104659-23-094983,2023-08-24,98.5,104.73999786376953,108.38999938964844,132.61000061035156,6.34,10.04,34.63,true,true,3.68,6.36
57e5660e-79b2-4463-ba21-62d91ef4309a,ARES,ARES MANAGEMENT LLC,0001259313,,10% Owner,2023-08-23,P,buy,33275,15.1809,505144.45,0001104659-23-094983,2023-08-24,99.62000274658203,104.55999755859375,107.87999725341797,132.61000061035156,4.96,8.29,33.12,true,true,2.31,5.98
0ec8ac9a-12f2-4b80-a67c-549ca35d8ae2,ARES,ARES MANAGEMENT LLC,0001259313,,10% Owner,2023-08-24,P,buy,37557,15.2712,573540.46,0001104659-23-095967,2023-08-28,99.68000030517578,105.69999694824219,108.81999969482422,132.61000061035156,6.04,9.17,33.04,true,true,4.15,5.02
fed9fdcf-7c5b-4cf2-ae4c-7af17ab6029a,ARES,ARES MANAGEMENT LLC,0001259313,,10% Owner,2023-08-28,P,buy,7397,14.9385,110500.08,0001104659-23-096976,2023-08-30,100.79000091552734,103.70999908447266,108.93000030517578,131.3000030517578,2.9,8.08,30.27,true,true,2.65,5.43
3391f699-c8f4-482a-8e3d-74c60b6bfc38,ARES,ARES MANAGEMENT LLC,0001259313,,10% Owner,2023-09-11,P,buy,150000,14.5152,2177280,0001104659-23-100445,2023-09-13,105.5999984741211,111.13999938964844,110.72000122070312,132.58999633789062,5.25,4.85,25.56,true,true,3.02,1.83
148bdb99-8b56-408e-8843-acb168979d71,ARES,ARES MANAGEMENT LLC,0001259313,,10% Owner,2023-09-15,P,buy,100000,14.7885,1478850,0001104659-23-101950,2023-09-19,105.0999984741211,110.04000091552734,114.0999984741211,134.72000122070312,4.7,8.56,28.18,true,true,6.46,2.1
0e55e531-f408-4144-8211-805e5a96e868,ARES,ARES MANAGEMENT LLC,0001259313,,10% Owner,2023-10-02,P,buy,150000,14.7966,2219490,0001104659-23-106835,2023-10-04,102.44000244140625,101.70999908447266,115.45999908447266,132.38999938964844,-0.71,12.71,29.24,false,true,10.61,2.1
9ef0fa62-fe00-4df8-bd71-eaa6d17140da,ARES,ARES MANAGEMENT LLC,0001259313,,10% Owner,2023-10-18,P,buy,150000,18.9262,2838930,0001104659-23-110583,2023-10-20,107.66000366210938,107.08000183105469,116.93000030517578,129.3000030517578,-0.54,8.61,20.1,false,true,10.39,-1.78
ba463c04-174d-4447-8cc7-dcbfc9f7d084,PNC,DEMCHAK WILLIAM S,0001198053,President/CEO,President/CEO,2023-01-20,P,buy,6550,153.38,1004639,0001209191-23-004519,2023-01-24,154.8699951171875,155.47999572753906,125.5999984741211,132.3699951171875,0.39,-18.9,-14.53,true,false,4.04,-22.94
6608e017-2447-40d7-8fd4-58b8fe653691,PNC,DEMCHAK WILLIAM S,0001198053,President/CEO,President/CEO,2023-03-13,P,buy,500,129.59,64795,0001209191-23-018373,2023-03-14,130.05999755859375,119.69999694824219,127.41000366210938,118.0199966430664,-7.97,-2.04,-9.26,false,false,12.57,-14.61
8db200b8-5074-4148-9145-21f1dc6a25ce,NEE,LANE AMY B,0001208529,,Director,2023-02-06,P,buy,1000,74.8643,74864.3,0001062993-23-002306,2023-02-06,75.51000213623047,74.25,76.05999755859375,68.63999938964844,-1.67,0.73,-9.1,false,true,0.71,0.02
e5b48f1b-21cb-4253-b075-ba0153afe219,NEE,Pimentel Armando Jr,0001427404,,Insider,2023-02-21,P,buy,13200,75.44,995808,0001062993-23-004379,2023-02-22,73.66000366210938,73.80999755859375,74.58000183105469,67.08000183105469,0.2,1.25,-8.93,true,true,4.94,-3.69
b971ccab-f0ed-4ec6-9c64-90ee72f341e8,ROP,WALLMAN RICHARD F,0001198092,,Director,2023-02-14,P,buy,1000,424.95,424950,0001209191-23-009737,2023-02-15,426.760009765625,428.4200134277344,461.8800048828125,496.2099914550781,0.39,8.23,16.27,true,true,0.09,8.14
55bfa322-e55e-4c08-8730-538027b66432,CAT,MacLennan David,0001498535,,Director,2023-02-17,P,buy,400,249.29,99716,0001104659-23-023611,2023-02-21,247.7899932861328,220.30999755859375,214.72000122070312,274.510009765625,-11.09,-13.35,10.78,false,false,2.94,-16.29
9c8823b9-d1b1-4be2-a997-31428c4cbf21,CAT,MacLennan David,0001498535,,Director,2024-02-23,P,buy,350,323.37,113179.5,0001104659-24-027620,2024-02-26,323.8800048828125,355.95001220703125,350.70001220703125,342.9700012207031,9.9,8.28,5.89,true,true,3.57,4.71
9e49de33-2110-42cd-9ffb-cc8f7e056fc4,CAT,MacLennan David,0001498535,,Director,2024-05-03,P,buy,500,337.39,168695,0001104659-24-057273,2024-05-06,336.75,331.3599853515625,331.5199890136719,379.239990234375,-1.6,-1.55,12.62,false,false,6.2,-7.75
fe989683-4020-46e3-9fc5-d34c9844788a,CAT,MacLennan David,0001498535,,Director,2025-05-07,P,buy,375,320.7,120262.5,0001104659-25-045921,2025-05-08,320.2900085449219,353.3500061035156,434.2300109863281,570.5900268554688,10.32,35.57,78.15,true,true,11.91,23.66
b6c27561-7ad0-4c9a-ae22-5aae85955614,CAT,MacLennan David,0001498535,,Director,2025-11-06,P,buy,300,568.86,170658,0001104659-25-107671,2025-11-06,569.780029296875,596.5,691.8200073242188,,4.69,21.42,,true,true,2.37,19.05
91ae3a62-ccf7-4f26-adcd-ad8f871cee29,CRL,WALLMAN RICHARD F,0001198092,,Director,2023-02-23,P,buy,1750,220.73,386277.5,0001127602-23-007053,2023-02-24,227.27999877929688,197.4600067138672,199.3800048828125,200.22000122070312,-13.12,-12.28,-11.91,false,false,2.6,-14.88
3cceb2b4-aed6-4014-9938-921797a92650,CRL,WALLMAN RICHARD F,0001198092,,Director,2023-08-24,P,buy,1000,198.786,198786,0001127602-23-023362,2023-08-29,198.6199951171875,197.57000732421875,194.9499969482422,238.94000244140625,-0.53,-1.85,20.3,false,false,4.15,-6
8a94d081-94cb-4bb9-bcd0-2d44a32beaa0,CRL,FOSTER JAMES C,0001141722,"Chairman, President and CEO","Chairman, President and CEO",2023-11-14,P,buy,5620,178.05,1000641,0001127602-23-027415,2023-11-15,178.3699951171875,229.25999450683594,225.77999877929688,228.41000366210938,28.53,26.58,28.05,true,true,11.64,14.94
7ef1b92f-2e89-427d-834e-839264a02708,CRL,FOSTER JAMES C,0001141722,"Chairman, President and CEO","Chairman, President and CEO",2025-02-20,P,buy,6075,165.01,1002435.75,0001127602-25-006253,2025-02-21,162.25,166.97999572753906,134.97999572753906,158.47999572753906,2.92,-16.81,-2.32,true,false,-4.51,-12.3
669d8caa-3857-4c7e-907c-5d41ff6fcb1a,OXY,BERKSHIRE HATHAWAY INC,0001067983,,10% Owner,2023-03-03,P,buy,452431,59.8482,27077180.97,0000899243-23-007400,2023-03-07,61.25,65.18000030517578,58.119998931884766,62.630001068115234,6.42,-5.11,2.25,true,false,4.36,-9.47
3fc38883-1023-4096-ae36-d5eaccdea97b,OXY,BERKSHIRE HATHAWAY INC,0001067983,,10% Owner,2023-03-06,P,buy,1568513,61.5315,96512957.66,0000899243-23-007400,2023-03-07,61.68000030517578,64.56999969482422,59.400001525878906,66.18000030517578,4.69,-3.7,7.3,true,false,5.59,-9.29
1ab55acb-8bea-4e47-8769-cb1b8a3a723b,OXY,BERKSHIRE HATHAWAY INC,0001067983,,10% Owner,2023-03-07,P,buy,1719999,60.9996,104919251,0000899243-23-007400,2023-03-07,60.849998474121094,63.040000915527344,59.400001525878906,66.18000030517578,3.6,-2.38,8.76,true,false,7.24,-9.62
7d90ce61-4326-4237-bb77-1029c776f31f,OXY,BERKSHIRE HATHAWAY INC,0001067983,,10% Owner,2023-03-13,P,buy,258823,57.7662,14951221.18,0000899243-23-008649,2023-03-15,59.150001525878906,64.83999633789062,59.189998626708984,63.84000015258789,9.62,0.07,7.93,true,true,12.57,-12.5
f1731122-fadc-4bfd-a686-c918897c003e,OXY,BERKSHIRE HATHAWAY INC,0001067983,,10% Owner,2023-03-14,P,buy,845778,59.6998,50492777.44,0000899243-23-008649,2023-03-15,60.189998626708984,64.7699966430664,59.189998626708984,63.84000015258789,7.61,-1.66,6.06,true,false,10.74,-12.4
c26ddd0b-cbdd-4b13-9985-f4fddda3f8eb,OXY,BERKSHIRE HATHAWAY INC,0001067983,,10% Owner,2023-03-15,P,buy,1407785,56.6641,79770870.02,0000899243-23-008649,2023-03-15,56.79999923706055,64.4800033569336,58.77000045776367,63.84000015258789,13.52,3.47,12.39,true,true,12.17,-8.7
e15aab4d-f64f-41ae-b897-6a4437d396b9,OXY,BERKSHIRE HATHAWAY INC,0001067983,,10% Owner,2023-03-23,P,buy,1099119,58.2862,64063469.86,0000899243-23-009754,2023-03-27,58.47999954223633,62.7599983215332,57.470001220703125,65.80999755859375,7.32,-1.73,12.53,true,false,10.62,-12.35
ecf51e05-58d9-4f2f-b2f0-4d32837e88a1,OXY,BERKSHIRE HATHAWAY INC,0001067983,,10% Owner,2023-03-27,P,buy,546804,58.6139,32050314.98,0000899243-23-009754,2023-03-27,59.650001525878906,60.2599983215332,57.25,63.15999984741211,1.02,-4.02,5.88,true,false,8.81,-12.83
3d21e273-31b3-40d3-82d5-35227df635d0,OXY,BERKSHIRE HATHAWAY INC,0001067983,,10% Owner,2023-05-11,P,buy,156989,56.7976,8916598.43,0000899243-23-013028,2023-05-15,57.93000030517578,59.189998626708984,63.810001373291016,60.20000076293945,2.18,10.15,3.92,true,true,8.16,1.99
9497eac9-d44a-403e-aa2d-770e00b87d89,OXY,BERKSHIRE HATHAWAY INC,0001067983,,10% Owner,2023-05-12,P,buy,370062,57.9383,21440763.17,0000899243-23-013028,2023-05-15,58.09000015258789,59.189998626708984,63.72999954223633,61.150001525878906,1.89,9.71,5.27,true,true,8.34,1.37
110035b8-7ccf-4cc3-9bc6-fcfa615661f0,OXY,BERKSHIRE HATHAWAY INC,0001067983,,10% Owner,2023-05-15,P,buy,993494,58.4611,58080752.08,0000899243-23-013028,2023-05-15,58.52000045776367,58.470001220703125,65.11000061035156,61.61000061035156,-0.09,11.26,5.28,false,true,8.5,2.76
b34c2557-305d-4817-93a8-26ded1a3b03b,OXY,BERKSHIRE HATHAWAY INC,0001067983,,10% Owner,2023-05-16,P,buy,1625257,58.2203,94622950.12,0000899243-23-013283,2023-05-18,58.13999938964844,58.41999816894531,65.11000061035156,61.61000061035156,0.48,11.99,5.97,true,true,9.23,2.76
a02e7c47-e6bf-4be1-857f-1c0f3342a61a,OXY,BERKSHIRE HATHAWAY INC,0001067983,,10% Owner,2023-05-17,P,buy,614020,58.6597,36018228.99,0000899243-23-013283,2023-05-18,58.91999816894531,58.150001525878906,63.54999923706055,61.61000061035156,-1.31,7.86,4.57,false,true,6.66,1.2
a1dc275d-09ac-4250-8749-fa4abd59eed8,OXY,BERKSHIRE HATHAWAY INC,0001067983,,10% Owner,2023-05-18,P,buy,1217945,58.1144,70780142.91,0000899243-23-013283,2023-05-18,58.25,57.22999954223633,62.54999923706055,61.72999954223633,-1.75,7.38,5.97,false,true,4.87,2.51
3681243d-b820-4a36-870d-0318b13da027,OXY,BERKSHIRE HATHAWAY INC,0001067983,,10% Owner,2023-05-25,P,buy,956750,58.753,56211932.75,0000899243-23-014128,2023-05-30,58.810001373291016,57.25,61.81999969482422,60.75,-2.65,5.12,3.3,false,true,6.84,-1.72
dd0a16fe-cd98-4cb5-bc76-7bd07b536550,OXY,BERKSHIRE HATHAWAY INC,0001067983,,10% Owner,2023-05-26,P,buy,1500306,58.8545,88299759.48,0000899243-23-014128,2023-05-30,58.939998626708984,57.25,61.349998474121094,60.209999084472656,-2.87,4.09,2.15,false,true,4.02,0.07
8df5b899-c163-49aa-8e40-7d56209c0da4,OXY,BERKSHIRE HATHAWAY INC,0001067983,,10% Owner,2023-05-30,P,buy,2203753,58.3026,128484529.66,0000899243-23-014128,2023-05-30,58.59000015258789,58.52000045776367,62.2400016784668,59.869998931884766,-0.12,6.23,2.18,false,true,5.37,0.86
d665f726-371d-4e04-92e0-5e378d000540,OXY,BERKSHIRE HATHAWAY INC,0001067983,,Insider,2023-06-26,P,buy,638301,57.0143,36392284.7,0000950170-23-030512,2023-06-28,57.25,62.849998474121094,63.15999984741211,61.439998626708984,9.78,10.32,7.32,true,true,0.18,10.14
54ae2ac6-2a50-4630-b166-e3ca725d9958,OXY,BERKSHIRE HATHAWAY INC,0001067983,,Insider,2023-06-27,P,buy,1239180,57.1694,70843177.09,0000950170-23-030512,2023-06-28,57.130001068115234,61.849998474121094,63.15999984741211,61.439998626708984,8.26,10.55,7.54,true,true,-0.9,11.45
eef844c6-9d39-4f52-a498-f3d5769fa278,OXY,BERKSHIRE HATHAWAY INC,0001067983,,Insider,2023-06-28,P,buy,260769,57.02,14869048.38,0000950170-23-030512,2023-06-28,57.459999084472656,62.08000183105469,63.150001525878906,61.439998626708984,8.04,9.9,6.93,true,true,-2.41,12.31
6f824d77-7b89-4b59-94b8-a720146ce8b2,OXY,BERKSHIRE HATHAWAY INC,0001067983,,Insider,2023-10-23,P,buy,1686368,62.7969,105898682.66,0000950170-23-055334,2023-10-25,62.81999969482422,60.209999084472656,56.7400016784668,67,-4.15,-9.68,6.65,false,false,14.98,-24.66
041871da-d85c-490b-81ee-94170d8ffc92,OXY,BERKSHIRE HATHAWAY INC,0001067983,,Insider,2023-10-24,P,buy,1195400,62.6863,74935203.02,0000950170-23-055334,2023-10-25,62.529998779296875,60.15999984741211,56.7400016784668,67,-3.79,-9.26,7.15,false,false,14.12,-23.38
4d7ad01d-4420-4982-886a-75ec3228019a,OXY,BERKSHIRE HATHAWAY INC,0001067983,,Insider,2023-10-25,P,buy,1040067,63.0483,65574456.24,0000950170-23-055334,2023-10-25,63.27000045776367,60.15999984741211,56.72999954223633,67,-4.92,-10.34,5.9,false,false,16.12,-26.46
ba8eeeb0-93da-4543-8151-a1d461f1ee08,OXY,BERKSHIRE HATHAWAY INC,0001067983,,Insider,2023-12-11,P,buy,2149802,56.9107,122346736.68,0000950170-23-070147,2023-12-13,57.060001373291016,56.79999923706055,61.52000045776367,60.47999954223633,-0.46,7.82,5.99,false,true,10.67,-2.85
6e2fa0cc-930b-4e2a-b7cf-80777804bc2c,OXY,BERKSHIRE HATHAWAY INC,0001067983,,Insider,2023-12-12,P,buy,5026004,55.5822,279356359.53,0000950170-23-070147,2023-12-13,55.54999923706055,57.130001068115234,61.52000045776367,60.47999954223633,2.84,10.75,8.87,true,true,10.17,0.58
74fa6342-4ac7-4dd2-a583-2715cbe37712,OXY,BERKSHIRE HATHAWAY INC,0001067983,,Insider,2023-12-13,P,buy,1675906,56.1027,94022851.55,0000950170-23-070147,2023-12-13,57.220001220703125,58.060001373291016,61.13999938964844,60.47999954223633,1.47,6.85,5.7,true,true,9.84,-2.99
52780ba9-17f4-4aa1-a323-dca9e6dfd75d,OXY,BERKSHIRE HATHAWAY INC,0001067983,,Insider,2023-12-19,P,buy,747861,59.4917,44491522.25,0000950170-23-072358,2023-12-21,60.29999923706055,56.470001220703125,63.20000076293945,60.20000076293945,-6.35,4.81,-0.17,false,true,8.01,-3.2
f643cfbc-8a80-4581-a77e-cc0b5a880422,OXY,BERKSHIRE HATHAWAY INC,0001067983,,Insider,2023-12-20,P,buy,1812508,60.504,109663984.03,0000950170-23-072358,2023-12-21,60.16999816894531,56.41999816894531,64.05999755859375,60.20000076293945,-6.23,6.47,0.05,false,true,10.13,-3.66
80f9cc53-3ee6-41ac-b39b-8215d05417f6,OXY,BERKSHIRE HATHAWAY INC,0001067983,,Insider,2023-12-21,P,buy,1743124,60.2631,105046055.92,0000950170-23-072358,2023-12-21,60.439998626708984,56.7400016784668,63.790000915527344,61.2599983215332,-6.12,5.54,1.36,false,true,10.11,-4.57
c6a76919-86b4-4233-9cfc-e1858c8e8e93,OXY,BERKSHIRE HATHAWAY INC,0001067983,,Insider,2024-02-01,P,buy,1485345,57.3898,85243652.48,0000950170-24-011524,2024-02-05,57.31999969482422,60.68000030517578,64.44999694824219,60.27000045776367,5.86,12.44,5.15,true,true,2.28,10.16
b6d1f98c-fd14-4d9d-8c4d-cbf9af847024,OXY,BERKSHIRE HATHAWAY INC,0001067983,,Insider,2024-02-02,P,buy,1246920,57.1428,71252500.18,0000950170-24-011524,2024-02-05,57.040000915527344,60.68000030517578,64.66000366210938,60.81999969482422,6.38,13.36,6.63,true,true,2.16,11.2
dac0a75f-f349-4ec2-9424-6b096cde7246,OXY,BERKSHIRE HATHAWAY INC,0001067983,,Insider,2024-02-05,P,buy,1240989,56.7546,70431834.3,0000950170-24-011524,2024-02-05,56.97999954223633,61.09000015258789,65.0199966430664,56.18000030517578,7.21,14.11,-1.4,true,true,4.88,9.23
31171f4d-b8c5-44bd-bc69-7c93652429ec,OXY,BERKSHIRE HATHAWAY INC,0001067983,,Insider,2024-06-05,P,buy,524340,59.7452,31326798.17,0000950170-24-071037,2024-06-07,59.84000015258789,61.790000915527344,55.400001525878906,50.41999816894531,3.26,-7.42,-15.74,true,false,3.26,-10.68
06ec6961-a27c-4309-a732-dbad0462f1e0,OXY,BERKSHIRE HATHAWAY INC,0001067983,,Insider,2024-06-06,P,buy,654293,59.9342,39214527.52,0000950170-24-071037,2024-06-07,60.08000183105469,60.95000076293945,54.630001068115234,50.400001525878906,1.45,-9.07,-16.11,true,false,3.05,-12.12
15dd6596-e2f2-484d-9201-4f7eda4641e6,OXY,BERKSHIRE HATHAWAY INC,0001067983,,Insider,2024-06-07,P,buy,1386844,59.6687,82751178.58,0000950170-24-071037,2024-06-07,59.47999954223633,60.95000076293945,53.7400016784668,48.900001525878906,2.47,-9.65,-17.79,true,false,2.92,-12.57
a532abc2-0a6e-48bc-8870-7b0c427041c8,OXY,BERKSHIRE HATHAWAY INC,0001067983,,Insider,2024-06-10,P,buy,584550,60.2562,35222761.71,0000950170-24-072629,2024-06-12,60.47999954223633,61.40999984741211,52.18000030517578,48.720001220703125,1.54,-13.72,-19.44,true,false,2.01,-15.73
6529bebc-9a14-4837-a69e-d43234faa3c7,OXY,BERKSHIRE HATHAWAY INC,0001067983,,Insider,2024-06-11,P,buy,399859,60.4253,24161600.03,0000950170-24-072629,2024-06-12,60.61000061035156,61.47999954223633,52.18000030517578,48.720001220703125,1.44,-13.91,-19.62,true,false,1.76,-15.67
62bf84be-3d99-4474-b3d3-495792e23ecf,OXY,BERKSHIRE HATHAWAY INC,0001067983,,Insider,2024-06-12,P,buy,765899,60.2771,46166170.61,0000950170-24-072629,2024-06-12,60.29999923706055,61.20000076293945,51.38999938964844,48.720001220703125,1.49,-14.78,-19.2,true,false,1.37,-16.15
fcb2f1f1-54fd-4960-bb47-5fe031acdb36,OXY,BERKSHIRE HATHAWAY INC,0001067983,,Insider,2024-06-13,P,buy,1552497,59.7679,92789485.45,0000950170-24-074512,2024-06-17,59.79999923706055,62,50.65999984741211,48.04999923706055,3.68,-15.28,-19.65,true,false,2.21,-17.49
0b8b421f-be53-478e-82e0-0f0297e445d1,OXY,BERKSHIRE HATHAWAY INC,0001067983,,Insider,2024-06-14,P,buy,1060653,59.5893,63203569.81,0000950170-24-074512,2024-06-17,59.84000015258789,62,50.9900016784668,48.470001220703125,3.61,-14.79,-19,true,false,3,-17.79
fe5aa867-638d-44f8-9115-d9a3e4a73830,OXY,BERKSHIRE HATHAWAY INC,0001067983,,Insider,2024-06-17,P,buy,334461,59.7491,19983743.74,0000950170-24-074512,2024-06-17,60.20000076293945,63.150001525878906,51.290000915527344,46.599998474121094,4.9,-14.8,-22.59,true,false,2.88,-17.68
d92803d5-32c5-4484-839a-3b47aa8d4f3d,OXY,BERKSHIRE HATHAWAY INC,0001067983,,Insider,2024-12-17,P,buy,2477362,46.2542,114588397.42,0000950170-24-138710,2024-12-19,46.560001373291016,52.29999923706055,47.2599983215332,45.33000183105469,12.33,1.5,-2.64,true,true,-6.15,7.65
0e36264d-3cd4-4e1e-bd6f-7f380d769b6b,OXY,BERKSHIRE HATHAWAY INC,0001067983,,Insider,2024-12-18,P,buy,2430924,46.1563,112202457.42,0000950170-24-138710,2024-12-19,46.02000045776367,51.970001220703125,47.650001525878906,45.33000183105469,12.93,3.54,-1.5,true,true,-4.31,7.85
11f51c6b-3184-4560-a781-16832a3d1e57,OXY,BERKSHIRE HATHAWAY INC,0001067983,,Insider,2024-12-19,P,buy,3372309,45.5458,153594511.25,0000950170-24-138710,2024-12-19,45.36000061035156,50.54999923706055,47.959999084472656,45.97999954223633,11.44,5.73,1.37,true,true,-3.24,8.97
2ff05d90-e016-4062-82d7-8d920054837a,OXY,BERKSHIRE HATHAWAY INC,0001067983,,Insider,2025-02-07,P,buy,763017,46.8195,35724074.43,0000950170-25-018266,2025-02-11,46.779998779296875,47.36000061035156,41.439998626708984,42.540000915527344,1.24,-11.42,-9.06,true,false,-5.94,-5.48
358d3fa7-8a87-4c27-80c6-8c68df94b662,VST,HELM SCOTT B,0001711936,,Director,2023-03-09,P,buy,10000,26.28,262800,0001209191-23-018116,2023-03-13,25.690000534057617,24.420000076293945,25.15999984741211,32.5,-4.94,-2.06,26.51,false,false,8.94,-11
d5dcb974-a8e6-4fd5-8bf9-08eaceb143c7,VST,HELM SCOTT B,0001711936,,Director,2023-03-10,P,buy,10000,24.89,248900,0001209191-23-018116,2023-03-13,24.520000457763672,24.420000076293945,24.81999969482422,32.810001373291016,-0.41,1.22,33.81,false,true,11.2,-9.98
a9802c58-9b7e-4d48-a5a4-35e7205c5f2a,VST,HELM SCOTT B,0001711936,,Director,2023-03-15,P,buy,2000,24.44,48880,0001209191-23-019724,2023-03-17,24.40999984741211,24.489999771118164,24.899999618530273,33.689998626708984,0.33,2.01,38.02,true,true,12.17,-10.16
b85b2ba5-9003-4bef-ac00-6585636446cf,VST,HELM SCOTT B,0001711936,,Director,2023-03-16,P,buy,3000,24.75,74250,0001209191-23-019724,2023-03-17,25.34000015258789,24.25,24.809999465942383,33.70000076293945,-4.3,-2.09,32.99,false,false,10.37,-12.46
23a42d70-4c4d-48f7-9189-f0282919d503,VST,HELM SCOTT B,0001711936,,Director,2023-03-17,P,buy,11000,24.72,271920,0001209191-23-020065,2023-03-20,24.84000015258789,24.25,25.329999923706055,33.18000030517578,-2.38,1.97,33.57,false,true,13.49,-11.52
af7dcbb1-331d-4452-8f53-5ced150e629e,SCHW,Wurster Richard A,0001889263,President,President,2023-03-14,P,buy,5000,57.2793,286396.5,0001062993-23-006877,2023-03-14,56.68000030517578,51.4900016784668,53.970001220703125,59.81999969482422,-9.16,-4.78,5.54,false,false,10.74,-15.52
0ec4ac3f-53ff-41d8-bf0b-db064eff0585,SCHW,Wurster Richard A,0001889263,President,President,2023-03-17,P,buy,2000,54.3863,108772.6,0001062993-23-007229,2023-03-17,56.40999984741211,52.77000045776367,55.5099983215332,58.72999954223633,-6.45,-1.6,4.11,false,false,13.49,-15.09
5f957880-e63f-4815-96bd-8d9b7971b15e,SCHW,Wurster Richard A,0001889263,President,President,2024-07-17,P,buy,10000,62.0454,620454,0001889263-24-000004,2024-07-19,63.79999923706055,65.55000305175781,71.95999908447266,72.66000366210938,2.74,12.79,13.89,true,true,4.1,8.69
f4d3bc73-fd15-4f33-b825-db98e188d886,CNC,LONDON SARAH,0001845762,Chief Executive Officer,Chief Executive Officer,2023-03-17,P,buy,30000,62.6,1878000,0001071739-23-000059,2023-03-17,62.54999923706055,68.69999694824219,66.12000274658203,68.33999633789062,9.83,5.71,9.26,true,true,13.49,-7.78
49b750f0-9ef6-40e9-8550-4b423a110830,CNC,LONDON SARAH,0001845762,Chief Executive Officer,Chief Executive Officer,2024-11-08,P,buy,4117,60.8,250313.6,0001071739-24-000203,2024-11-08,60.150001525878906,58.4900016784668,58.630001068115234,62.91999816894531,-2.76,-2.53,4.61,false,false,1.36,-3.89
9d446a9a-d1ab-49f0-be93-35969af1fb34,CNC,Samuels Theodore R. II,0001688276,,Director,2024-12-13,P,buy,5000,58.86,294300,0001071739-24-000223,2024-12-17,59.41999816894531,63.70000076293945,57.959999084472656,55.27000045776367,7.2,-2.46,-6.98,true,false,-8.74,6.28
538fe23a-0995-4279-8131-83a1a97cb99f,CNC,Samuels Theodore R. II,0001688276,,Director,2025-07-28,P,buy,9000,27.62,248580,0001071739-25-000153,2025-07-29,26.860000610351562,28.84000015258789,33.150001525878906,46.279998779296875,7.37,23.42,72.3,true,true,7.58,15.84
b7cd9df4-b841-4610-84a1-fb20f16ceeb2,CNC,LONDON SARAH,0001845762,Chief Executive Officer,Chief Executive Officer,2025-08-08,P,buy,19230,25.5,490365,0001071739-25-000157,2025-08-11,25.59000015258789,28.84000015258789,37.099998474121094,40.959999084472656,12.7,44.98,60.06,true,true,5.2,39.78
a9b9677b-5054-40f3-8ae5-6c78d0c7d299,FTNT,NEUKOM WILLIAM H.,0001567713,,Director,2023-04-11,P,buy,423,67.3978,28509.27,0001209191-23-024253,2023-04-13,67,67.5,77.86000061035156,59.5099983215332,0.75,16.21,-11.18,true,true,7.31,8.9
d96d3f03-72fa-49d0-9b08-44f225dda473,FTNT,NEUKOM WILLIAM H.,0001567713,,Director,2023-09-08,P,buy,552,63.276,34928.35,0001209191-23-048791,2023-09-08,64.06999969482422,59.5099983215332,51.31999969482422,71.31999969482422,-7.12,-19.9,11.32,false,false,2.85,-22.75
8b6e41af-4a30-46ca-b325-9f1832be950c,FTNT,NEUKOM WILLIAM H.,0001567713,,Director,2023-12-06,P,buy,664,52.625,34943,0001209191-23-057619,2023-12-06,51.83000183105469,58.34000015258789,69.04000091552734,58.79999923706055,12.56,33.2,13.45,true,true,11.53,21.67
edfe1e80-1bc9-4ffe-b3e5-088f3fa1bad7,FTNT,NEUKOM WILLIAM H.,0001567713,,Insider,2024-03-06,P,buy,497,70.2999,34939.05,0001415889-24-007055,2024-03-06,71.31999969482422,70.91000366210938,58.63999938964844,77.12999725341797,-0.57,-17.78,8.15,false,false,3.66,-21.44
2b635483-aad7-499c-bab8-48b17b8bc5f0,FTNT,NEUKOM WILLIAM H.,0001567713,,Insider,2024-06-06,P,buy,586,59.5521,34897.53,0001415889-24-015814,2024-06-06,59.75,60.11000061035156,76.87000274658203,95.29000091552734,0.6,28.65,59.48,true,true,3.05,25.6
ace5880a-68fe-4fbf-b3d8-e9c4cda6c268,FTNT,NEUKOM WILLIAM H.,0001567713,,Insider,2024-09-06,P,buy,459,76.18,34966.62,0001415889-24-023066,2024-09-09,75.16000366210938,77.4800033569336,98.45999908447266,106.80000305175781,3.09,31,42.1,true,true,12.27,18.73
e41c2d51-85e5-453f-9372-49a9f1acb5d9,FTNT,NEUKOM WILLIAM H.,0001567713,,Insider,2024-12-06,P,buy,355,98.5,34967.5,0001415889-24-028469,2024-12-06,99.20999908447266,97.94000244140625,101.72000122070312,101.62000274658203,-1.28,2.53,2.43,false,true,-5.77,8.3
85bbc090-2244-49db-b997-4dc3ba4e545f,FTNT,NEUKOM WILLIAM H.,0001567713,,Insider,2025-03-06,P,buy,328,106.335,34877.88,0001415889-25-007230,2025-03-06,101.72000122070312,88,101.62000274658203,76.93000030517578,-13.49,-0.1,-24.37,false,false,4.05,-4.15
6897b8bf-d9ca-4f94-bd11-d8f025f7a166,FTNT,NEUKOM WILLIAM H.,0001567713,,Insider,2025-06-06,P,buy,335,104.215,34912.03,0001415889-25-016086,2025-06-06,104.94000244140625,106.6500015258789,76.44000244140625,82.76000213623047,1.63,-27.16,-21.14,true,false,8.34,-35.5
aad1691f-52db-4073-a417-eeca8071a441,DOW,Dial Debra L.,0001734513,,Director,2023-04-28,P,buy,400,54.17,21668,0001751788-23-000119,2023-05-01,54.400001525878906,49.5,54.939998626708984,47.540000915527344,-9.01,0.99,-12.61,false,true,8.79,-7.8
7d739648-4346-4bce-badc-9765ceb8db84,DOW,Dial Debra L.,0001734513,,Director,2025-02-07,P,buy,675,38.81,26196.75,0001751788-25-000015,2025-02-11,38.58000183105469,37.400001525878906,29.239999771118164,21.299999237060547,-3.06,-24.21,-44.79,false,false,-5.94,-18.27
7d1fef9f-a069-4bc9-acaf-c73aa8da89a4,KEY,Paine Andrew J III,0001669883,Head of Institutional Bank,Head of Institutional Bank,2023-05-03,P,buy,75000,9.78,733500,0000091576-23-000075,2023-05-04,9.529999732971191,10.279999732971191,11.989999771118164,10.079999923706055,7.87,25.81,5.77,true,true,11.88,13.93
8c47f0ff-299a-4ddb-9fe0-1e3d9e10562b,FCX,Lewis Sara Grootwassink,0001165970,,Director,2023-05-12,P,buy,4000,34.8992,139596.8,0001209191-23-029590,2023-05-15,34.9900016784668,37.81999969482422,42.380001068115234,33.61000061035156,8.09,21.12,-3.94,true,true,8.34,12.78
8cddbb21-0c65-47ea-ab1d-116b8bf19b08,ALLE,Stone John H,0001817149,President and CEO,President and CEO,2023-07-27,P,buy,17500,116.6224,2040892,0001127602-23-021542,2023-07-28,115.51000213623047,110.80999755859375,96.5199966430664,124.33000183105469,-4.07,-16.44,7.64,false,false,-7.72,-8.72
59a63c57-cab9-4b75-abd0-0edf00fab178,ALLE,Stone John H,0001817149,President and CEO,President and CEO,2024-02-22,P,buy,10000,132.4146,1324146,0001127602-24-006966,2024-02-26,129.66000366210938,132.91000366210938,123.06999969482422,132.2100067138672,2.51,-5.08,1.97,true,false,4.4,-9.48
45ce8322-1546-438d-88b3-b8471b2b84bf,ALLE,Stone John H,0001817149,President and CEO,President and CEO,2024-07-26,P,buy,3233,134.498,434832.03,0001127602-24-021168,2024-07-30,136.77000427246094,137.7100067138672,145.27000427246094,132.17999267578125,0.69,6.21,-3.36,true,true,6.39,-0.18
5bc03af6-6a6f-412f-9573-f0d71b512aeb,ALLE,Stone John H,0001817149,President and CEO,President and CEO,2024-12-03,P,buy,7500,140.6995,1055246.25,0001127602-24-028674,2024-12-04,140.49000549316406,128.58999633789062,126.5199966430664,139.41000366210938,-8.47,-9.94,-0.77,false,false,-3.33,-6.61
0691e7b9-c20a-4c0b-b772-8b32bbd5fb07,NXPI,Southern Julie,0001782289,,Insider,2023-08-02,P,buy,203,218.07,44268.21,0001413447-23-000071,2023-08-03,216.39999389648438,209.9600067138672,172.42999267578125,217.47000122070312,-2.98,-20.32,0.49,false,false,-7.09,-13.23
4f5bad19-b491-4c2f-ba8d-c676b8bccc1c,NXPI,Southern Julie,0001782289,,Director,2024-07-30,P,buy,146,257.535,37600.11,0001413447-24-000076,2024-08-01,251.67999267578125,248.77999877929688,249.6999969482422,215.0800018310547,-1.15,-0.79,-14.54,false,false,7.16,-7.95
d53ae1bf-00a5-4484-9d7c-c57740afca22,NXPI,Southern Julie,0001782289,,Director,2025-12-03,P,buy,225,225.48,50733,0001782289-25-000003,2025-12-05,227.55999755859375,221.27999877929688,215.25,,-2.76,-5.41,,false,false,-0.52,-4.89
88c5ae18-356e-46c6-9ad8-bccaaf2c2748,LYFT,Risher John David,0001869638,Chief Executive Officer,Chief Executive Officer,2023-08-11,P,buy,100000,11.463,1146300,0001209191-23-045768,2023-08-15,11.380000114440918,11.329999923706055,10.079999923706055,12.449999809265137,-0.44,-11.42,9.4,false,false,-2.65,-8.77
84ec5f67-f425-489f-9958-bbf38f3f4f75,LYFT,Risher John David,0001869638,Chief Executive Officer,Chief Executive Officer,2024-08-09,P,buy,51815,9.6695,501025.14,0001415889-24-021149,2024-08-13,9.760000228881836,10.800000190734863,17.690000534057617,13.420000076293945,10.66,81.25,37.5,true,true,11.75,69.5
35d114cb-8bd8-45cb-b773-7d7073e08787,LYFT,Risher John David,0001869638,Chief Executive Officer,Chief Executive Officer,2024-11-12,P,buy,13790,18.1488,250271.95,0001415889-24-026848,2024-11-14,18.34000015258789,14.850000381469727,15.119999885559082,17.209999084472656,-19.03,-17.56,-6.16,false,false,1.33,-18.89
44283a55-d5ee-4863-b2b3-1aaf5a29c447,LYFT,Risher John David,0001869638,Chief Executive Officer,Chief Executive Officer,2025-05-29,P,buy,6538,15.2945,99995.44,0001415889-25-014940,2025-05-30,15.350000381469727,15.760000228881836,16.25,19.6299991607666,2.67,5.86,27.88,true,true,9.59,-3.73
d5b9277e-c79e-4437-a93f-e7ad95e5efbf,LYFT,Risher John David,0001869638,Chief Executive Officer,Chief Executive Officer,2025-09-03,P,buy,5926,16.875,100001.25,0001415889-25-023819,2025-09-05,16.920000076293945,21.989999771118164,22.239999771118164,13.729999542236328,29.96,31.44,-18.85,true,true,5.87,25.57
761af6ea-8c37-48a4-9ecd-7dccafdac4ae,LYFT,Risher John David,0001869638,Chief Executive Officer,Chief Executive Officer,2025-12-10,P,buy,5030,19.8046,99617.14,0001869638-25-000002,2025-12-11,20.31999969482422,19.209999084472656,13.25,,-5.46,-34.79,,false,false,-1.51,-33.28
32834cb7-c403-4f85-9f58-73c5d98cff74,WDAY,Eschenbach Carl M.,0001409324,Co-CEO,Co-CEO,2023-08-29,P,buy,100,236.25,23625,0001327811-23-000152,2023-08-31,241.6699981689453,211.22000122070312,235.8300018310547,307.2099914550781,-12.6,-2.42,27.12,false,false,1.18,-3.6
8dda7561-69d7-4181-a52d-548b5193c175,AVGO,You Harry L.,0001432602,,Director,2023-09-15,P,buy,1000,858.9582,858958.2,0001730168-23-000083,2023-09-19,85.16799926757812,90.25700378417969,110.64900207519531,125.78700256347656,5.98,29.92,47.69,true,true,6.46,23.46
44e8345c-d343-43da-b8fe-9582332cd227,AVGO,You Harry L.,0001432602,,Director,2025-09-08,P,buy,2050,344.7794,706797.77,0001730168-25-000100,2025-09-10,345.6499938964844,345.5,401.1000061035156,345.75,-0.04,16.04,0.03,false,true,5.36,10.68
606a4958-0e82-4401-a0bc-9c4a4e90f129,AVGO,You Harry L.,0001432602,,Director,2025-09-09,P,buy,1000,339.385,339385,0001730168-25-000100,2025-09-10,336.6700134277344,345.0199890136719,401.1000061035156,345.75,2.48,19.14,2.7,true,true,5.12,14.02
40bc5565-eb59-4a7c-85c0-08996e869afd,AVGO,You Harry L.,0001432602,,Director,2025-09-10,P,buy,500,363.375,181687.5,0001730168-25-000100,2025-09-10,369.57000732421875,324.6300048828125,406.2900085449219,345.75,-12.16,9.94,-6.45,false,true,4.73,5.21
16909b3f-a154-4778-9b44-a439ca5632b4,AVGO,You Harry L.,0001432602,,Director,2025-12-18,P,buy,1000,325.129,325129,0001432602-25-000006,2025-12-22,329.8800048828125,332.6000061035156,315.92999267578125,,0.82,-4.23,,true,false,-2.22,-2.01
331f1216-172d-4b60-a4b7-fef6266bd924,DG,Wenkoff Carman R,0001710325,EVP & Chief Information Ofc,EVP & Chief Information Ofc,2023-09-29,P,buy,2000,106.25,212500,0001062993-23-018677,2023-10-02,105.80000305175781,119.93000030517578,135.5500030517578,154.2100067138672,13.36,28.12,45.76,true,true,11.51,16.61
8830bd32-e41c-474a-9cad-2d9aa5644fd8,NTRS,Levy Susan Cohen,0001607570,EVP and General Counsel,EVP and General Counsel,2023-10-24,P,buy,5000,64.41,322050,0000073124-23-000191,2023-10-25,63.54999923706055,76.36000061035156,81.41000366210938,83.54000091552734,20.16,28.1,31.46,true,true,14.12,13.98
0d26f725-c85c-42f6-ab58-46ce0de4871c,EXR,Margolis Joseph D,0001330121,Chief Executive Officer,Chief Executive Officer,2023-11-13,P,buy,4200,118.21,496482,0001628280-23-038658,2023-11-13,117.58000183105469,146,142.02000427246094,147.88999938964844,24.17,20.79,25.78,true,true,13.81,6.98
c46f634a-006b-437f-9650-fe748d996d62,BMY,Samuels Theodore R. II,0001688276,,Director,2023-11-20,P,buy,8500,49.81,423385,0000014272-23-000185,2023-11-21,48.900001525878906,50.959999084472656,49.86000061035156,43.36000061035156,4.21,1.96,-11.33,true,true,9.36,-7.4
1b047f78-8933-4708-a076-c479719bd9ea,ITW,SMITH DAVID BYRON JR,0001478669,,Director,2023-11-30,P,buy,1000,241.79,241790,0001478669-23-000011,2023-12-01,242.2100067138672,260.5899963378906,262.6700134277344,237.41000366210938,7.59,8.45,-1.98,true,true,10.92,-2.47
91470c1c-6443-4f6e-89aa-419b6ce449d3,ITW,SMITH DAVID BYRON JR,0001478669,,Director,2024-06-13,P,buy,775,238.82,185085.5,0001478669-24-000006,2024-06-17,240.60000610351562,246.72999572753906,247.02000427246094,273.75,2.55,2.67,13.78,true,true,2.21,0.46
ee70fef2-39e1-494e-8b73-e9796a930f82,ITW,SMITH DAVID BYRON JR,0001478669,,Director,2024-12-09,P,buy,635,275.2,174752,0001478669-24-000013,2024-12-11,274.07000732421875,247.61000061035156,267.6700134277344,247.27999877929688,-9.65,-2.34,-9.77,false,false,-7.29,4.95
1a1d70ef-acb4-4d8a-8ec9-a53fb3537892,ITW,SMITH DAVID BYRON JR,0001478669,,Insider,2025-06-02,P,buy,872,241.16,210291.52,0000950170-25-081449,2025-06-04,242.64999389648438,256.45001220703125,262.260009765625,247.49000549316406,5.69,8.08,1.99,true,true,8.02,0.06
8e354ef7-4627-4f43-943f-592a20e09765,ITW,SMITH DAVID BYRON JR,0001478669,,Director,2025-12-10,P,buy,6709,250.13,1678122.17,0000049826-25-000061,2025-12-12,253.52999877929688,255.1199951171875,273.2900085449219,,0.63,7.79,,true,true,-1.51,9.3
ebed0306-5df4-4954-87fe-51ee8713ed49,SJM,AMIN TARANG,0001513988,,Director,2023-12-13,P,buy,1000,125.05,125050,0000091419-23-000145,2023-12-13,126.73999786376953,129.5,122.72000122070312,113.5999984741211,2.18,-3.17,-10.37,true,false,9.84,-13.01
7972bf41-7e4d-4f3b-8a96-c2cc6cebc70b,SJM,AMIN TARANG,0001513988,,Director,2024-02-29,P,buy,900,122.22,109998,0000091419-24-000013,2024-02-29,120.16999816894531,124.7300033569336,107.47000122070312,120.69999694824219,3.79,-10.57,0.44,true,false,3.55,-14.12
1bc5cd6a-7c77-4837-9e46-c291ed79bdee,SJM,AMIN TARANG,0001513988,,Director,2025-03-11,P,buy,875,114.87,100511.25,0000091419-25-000015,2025-03-12,114.26000213623047,114.37000274658203,111.8499984741211,111.58999633789062,0.1,-2.11,-2.34,true,false,7.87,-9.98
5f453822-bdcb-47fa-aa52-b99b9d28281d,SJM,AMIN TARANG,0001513988,,Director,2025-06-12,P,buy,1050,96.09,100894.5,0000091419-25-000041,2025-06-12,97.37000274658203,104.70999908447266,110.02999877929688,99.4000015258789,7.54,13,2.08,true,true,8.03,4.97
2e2bd5bd-a150-4680-b769-eed04d7f6ce8,SJM,AMIN TARANG,0001513988,,Director,2026-03-02,P,buy,880,113.41,99800.8,0000091419-26-000021,2026-03-03,114.68000030517578,95.48999786376953,,,-16.73,,,false,,,
8c5079ba-44c2-43a7-a92d-559cefc39849,KMB,SMUCKER MARK T,0001251544,,Director,2024-01-29,P,buy,388,120.98,46940.24,0001225208-24-001272,2024-01-30,121.2699966430664,121.2300033569336,135.92999267578125,140.85000610351562,-0.03,12.09,16.15,false,true,3.82,8.27
b376f24c-90e8-4ecc-9f89-cfd8e6e122fe,DOC,Lewis Sara Grootwassink,0001165970,,Director,2024-03-04,P,buy,18000,16.71,300780,0001628280-24-008624,2024-03-04,16.850000381469727,18.3799991607666,19.770000457763672,22.200000762939453,9.08,17.33,31.75,true,true,3.03,14.3
9b0dd368-2f7f-4e95-a810-a46fe8cd5458,DOC,Lewis Sara Grootwassink,0001165970,,Director,2025-04-28,P,buy,6000,17.6564,105938.4,0001628280-25-020387,2025-04-28,17.75,17.40999984741211,17.260000228881836,19.059999465942383,-1.92,-2.76,7.38,false,false,15.63,-18.39
ff3efbfa-2444-437f-a899-3d4de9cfb98a,IONQ,You Harry L.,0001432602,,Insider,2024-03-05,P,buy,115000,9.28,1067200,0001415889-24-007035,2024-03-06,9.369999885559082,9.119999885559082,7.78000020980835,6.960000038146973,-2.67,-16.97,-25.72,false,false,4.07,-21.04
b27cbc40-c370-4c30-8883-b18fda120bb9,HUBB,Dial Debra L.,0001734513,,Director,2024-05-03,P,buy,150,377.9,56685,0001628280-24-021133,2024-05-07,379.8900146484375,385.75,379.7699890136719,431.6600036621094,1.54,-0.03,13.63,true,false,6.2,-6.23
d95461d0-a96f-47cc-9c08-9cbbfd2fa245,GL,SVOBODA FRANK M,0001270842,Co-Chairman & CEO,Co-Chairman & CEO,2024-05-20,P,buy,2500,86.3056,215764,0001062993-24-010839,2024-05-21,86.01000213623047,82.56999969482422,98.13999938964844,109.75,-4,14.1,27.6,false,true,5.57,8.53
6bf1cb0c-e242-49eb-a371-dfdae21616d5,GL,SVOBODA FRANK M,0001270842,Co-Chairman & CEO,Co-Chairman & CEO,2024-05-21,P,buy,2500,82.2736,205684,0001062993-24-010930,2024-05-22,83.33000183105469,82.56999969482422,98.13999938964844,109.75,-0.91,17.77,31.71,false,true,5.32,12.45
80ee2fd4-110e-47d0-b133-8a45baa561ee,RSG,Weymouth Katharine,0001501808,,Director,2024-06-04,P,buy,540,185.26,100040.4,0001060391-24-000224,2024-06-06,187.36000061035156,194.88999938964844,205.8300018310547,214.9600067138672,4.02,9.86,14.73,true,true,4.48,5.38
98c6c3cc-5462-4347-a86b-22b5f66d6856,RSG,Weymouth Katharine,0001501808,,Director,2025-12-09,P,buy,478,209.46,100121.88,0001060391-25-000268,2025-12-11,209.32000732421875,211.86000061035156,230.13999938964844,,1.21,9.95,,true,true,-0.7,10.65
79f69a64-01bf-4c15-a572-727aea04c325,VRSN,BERKSHIRE HATHAWAY INC,0001067983,,Insider,2024-12-17,P,buy,6160,194.6302,1198922.03,0000950170-24-138717,2024-12-19,195.2100067138672,210.69000244140625,238.52000427246094,281.0799865722656,7.93,22.19,43.99,true,true,-6.15,28.34
6cd3ec40-4b55-4be9-a62f-bc496bd96b30,VRSN,BERKSHIRE HATHAWAY INC,0001067983,,Insider,2024-12-18,P,buy,53503,191.474,10244433.42,0000950170-24-138717,2024-12-19,191.44000244140625,209.72000122070312,239.82000732421875,281.0799865722656,9.55,25.27,46.82,true,true,-4.31,29.58
597b4e69-9cfd-45ab-9725-8e558b389762,VRSN,BERKSHIRE HATHAWAY INC,0001067983,,Insider,2024-12-19,P,buy,1100,191.12,210232,0000950170-24-138717,2024-12-19,193.44000244140625,210.4199981689453,242.2100067138672,283.9599914550781,8.78,25.21,46.79,true,true,-3.24,28.45
3ef5523d-d305-4277-a2da-765ae9a88a43,VRSN,BERKSHIRE HATHAWAY INC,0001067983,,Insider,2024-12-20,P,buy,6200,194.9811,1208882.82,0000950170-24-140587,2024-12-26,198.83999633789062,210.4199981689453,242.30999755859375,281.1600036621094,5.82,21.86,41.4,true,true,-4.34,26.2
2302c697-2f96-40ea-b972-d4f967fc4f61,VRSN,BERKSHIRE HATHAWAY INC,0001067983,,Insider,2024-12-23,P,buy,10527,198.4286,2088857.87,0000950170-24-140587,2024-12-26,199.9600067138672,207.1300048828125,245.36000061035156,282.8900146484375,3.59,22.7,41.47,true,true,-3.47,26.17
09477551-7958-42e4-b151-bb4cde6bf9dd,VRSN,BERKSHIRE HATHAWAY INC,0001067983,,Insider,2024-12-24,P,buy,3238,200.2733,648484.95,0000950170-24-140587,2024-12-26,201.47999572753906,206.64999389648438,245.36000061035156,282.8900146484375,2.57,21.78,40.41,true,true,-4.53,26.31
f4b93c29-6fb3-446f-9fd3-3b5f8ba01847,VRSN,BERKSHIRE HATHAWAY INC,0001067983,,Insider,2024-12-26,P,buy,6745,201.7477,1360788.24,0000950170-24-141263,2024-12-30,202.72999572753906,212.69000244140625,248.1300048828125,285.0299987792969,4.91,22.39,40.6,true,true,-5.45,27.84
4a2c01b0-b0ee-4037-8897-27aff2531c9c,VRSN,BERKSHIRE HATHAWAY INC,0001067983,,Insider,2024-12-27,P,buy,6619,202.5082,1340401.78,0000950170-24-141263,2024-12-30,203.9499969482422,212.69000244140625,254.74000549316406,282.44000244140625,4.29,24.9,38.48,true,true,-4.69,29.59
2bf790ed-de00-47a8-a2be-9de720cc4a20,VRSN,BERKSHIRE HATHAWAY INC,0001067983,,Insider,2024-12-30,P,buy,5000,203.2741,1016370.5,0000950170-24-141263,2024-12-30,205.10000610351562,213.77999877929688,253.8699951171875,288.79998779296875,4.23,23.78,40.81,true,true,-4.9,28.68
e871079e-dcb6-42c1-8b0e-26972a03b39a,VRSN,BERKSHIRE HATHAWAY INC,0001067983,,Insider,2024-12-31,P,buy,1621,204.8282,332026.51,0000950170-25-001530,2025-01-03,206.9600067138672,214.00999450683594,253.8699951171875,288.79998779296875,3.41,22.67,39.54,true,true,-4.55,27.22
b61bfccd-db31-463b-995e-45a08acca497,VRSN,BERKSHIRE HATHAWAY INC,0001067983,,Insider,2025-01-02,P,buy,5879,204.8429,1204271.41,0000950170-25-001530,2025-01-03,205.10000610351562,216.02000427246094,255.5,289.0799865722656,5.32,24.57,40.95,true,true,-3.44,28.01
274f390c-8afc-4a4e-9dd6-e41b0492b502,VRSN,BERKSHIRE HATHAWAY INC,0001067983,,Insider,2025-01-03,P,buy,11744,204.6057,2402889.34,0000950170-25-001530,2025-01-03,205.6199951171875,216.02000427246094,255.42999267578125,282.0199890136719,5.06,24.22,37.16,true,true,-9.33,33.55
2ebe7215-aede-4ea9-ab25-2618a12bb00c,MRNA,Bancel Stephane,0001443340,Chief Executive Officer,Chief Executive Officer,2025-03-03,P,buy,102821,31.04,3191563.84,0001127602-25-007916,2025-03-04,30.270000457763672,27.719999313354492,27.049999237060547,24.190000534057617,-8.42,-10.64,-20.09,false,false,1.53,-12.17
7b188c3c-336f-45eb-a993-634f33d1313d,CMI,Stone John H,0001817149,,Director,2025-05-16,P,buy,1000,332.0799,332079.9,0001225208-25-005222,2025-05-16,334.4800109863281,322.30999755859375,404.79998779296875,479.489990234375,-3.64,21.02,43.35,false,true,8.54,12.48
249a36bb-28da-4245-982e-9dd33cba936d,MSTR,Patten Jarrod M,0001309191,,Insider,2025-05-27,P,buy,10000,101.378,1013780,0000950170-25-079133,2025-05-29,372.20001220703125,386.44000244140625,343.20001220703125,179.0399932861328,3.83,-7.79,-51.9,true,false,8.68,-16.47
ae2cc399-f4b2-4e0e-b84f-e5837692982e,MSTR,Patten Jarrod M,0001309191,,Insider,2025-06-05,P,buy,5000,85,425000,0000950170-25-084003,2025-06-09,368.7900085449219,395.6700134277344,330.260009765625,181.3300018310547,7.29,-10.45,-50.83,true,false,8.55,-19
cfc8f295-4b91-45c0-ab4c-b43cbf44aa2e,MSTR,Montgomery Jeanine,0001444548,VP & CAO,VP & CAO,2025-07-29,P,buy,5000,90,450000,0000950170-25-099671,2025-07-29,394.6600036621094,338.8399963378906,295.6300048828125,160.5800018310547,-14.14,-25.09,-59.31,false,false,7.87,-32.96
158f37fb-bd7e-41a2-8bac-94b80b0d49df,MSTR,Patten Jarrod M,0001309191,,Insider,2025-07-29,P,buy,5555,90,499950,0000950170-25-099673,2025-07-29,394.6600036621094,338.8399963378906,295.6300048828125,160.5800018310547,-14.14,-25.09,-59.31,false,false,7.87,-32.96
a8e9d49f-7887-4958-b246-369d7b680a97,MSTR,Patten Jarrod M,0001309191,,Insider,2025-10-16,P,buy,11780,97.946,1153803.88,0001193125-25-243613,2025-10-20,283.8399963378906,195.4199981689453,179.3300018310547,137.41000366210938,-31.15,-36.82,-51.59,false,false,4.5,-41.32
e02f9f77-026f-4740-8707-0d6fc5a8a216,MSTR,Patten Jarrod M,0001309191,,Insider,2025-10-17,P,buy,12000,96.875,1162500,0001193125-25-243613,2025-10-20,289.8699951171875,195.4199981689453,170.91000366210938,143.5399932861328,-32.58,-41.04,-50.48,false,false,4.19,-45.23
963d43e4-2c0b-48e0-9919-6dba9460c0ef,MSTR,RICKERTSEN CARL J,0001203479,,Insider,2026-01-12,P,buy,5000,155.879,779395,0001193125-26-010377,2026-01-12,162.22999572753906,126.06999969482422,132.36000061035156,,-22.29,-18.41,,false,false,-1.3,-17.11
697ff6dd-7a04-4ece-9d70-6dcd6cd9de2b,WY,Lewis Sara Grootwassink,0001165970,,Insider,2025-08-11,P,buy,4000,25.285,101140,0000950170-25-108170,2025-08-13,25.280000686645508,25.100000381469727,22.68000030517578,26.65999984741211,-0.71,-10.28,5.46,false,false,7.16,-17.44
90735803-7e74-4d62-81f8-004e3f8cb540,WY,Lewis Sara Grootwassink,0001165970,,Insider,2025-12-17,P,buy,4500,23.6058,106226.1,0001193125-25-325117,2025-12-18,23.729999542236328,27.059999465942383,24.09000015258789,,14.03,1.52,,true,true,-0.09,1.61
f0ed2c72-3812-4614-b57a-b9ce135101e5,CI,Cordani David,0001318751,Chairman & CEO,Chairman & CEO,2025-11-03,P,buy,4134,241.8762,999916.21,0001318751-25-000004,2025-11-03,258.6199951171875,270.32000732421875,271.5400085449219,,4.52,5,,true,true,1.77,3.23
a886322e-b5ce-4538-a222-179276a68832,NCLH,Kempa Mark,0001733565,EVP & CFO,EVP & CFO,2025-11-06,P,buy,10635,18.5285,197050.6,0001104659-25-107865,2025-11-06,18.239999771118164,19.110000610351562,22.290000915527344,,4.77,22.2,,true,true,2.37,19.83
534fe1ac-af61-40b4-81aa-452c69961235,AMCR,Long Nicholas T.,0001525504,,Insider,2025-11-12,P,buy,10000,8.5374,85374,0001525504-25-000005,2025-11-14,42.04999923706055,41.150001525878906,48.529998779296875,,-2.14,15.41,,false,true,1.28,14.13
3974adfd-6efb-4b4a-86cb-4c28db8dc049,TDG,Lisman Michael,0001748275,President & CEO,President & CEO,2025-11-14,P,buy,600,1334.13,800478,0001193125-25-284678,2025-11-17,1340.5999755859375,1292.0799560546875,1295.969970703125,,-3.62,-3.33,,false,false,1.39,-4.72
5d460220-253c-419c-96e3-f8a471a75db8,TDG,Lisman Michael,0001748275,President & CEO,President & CEO,2026-02-06,P,buy,950,1284.2608,1220047.76,0001193125-26-042891,2026-02-09,1285.530029296875,1277.9300537109375,,,-0.59,,,false,,,
fdd9d5e0-c47a-4e1e-b6e6-2f466df489d7,TTD,Green Jeffrey Terry,0001671445,President and CEO,President and CEO,2026-03-02,P,buy,527324,23.49,12386840.76,0001671445-26-000004,2026-03-04,24.31999969482422,21.979999542236328,,,-9.62,,,false,,,
6a57ecd8-2ec7-4c9a-82ba-6afb9fe30350,TTD,Green Jeffrey Terry,0001671445,President and CEO,President and CEO,2026-03-03,P,buy,1685696,24.97,42091829.12,0001671445-26-000004,2026-03-04,25,22.049999237060547,,,-11.8,,,false,,,
d65a38a6-09fc-47f5-b330-dca3de548698,TTD,Green Jeffrey Terry,0001671445,President and CEO,President and CEO,2026-03-04,P,buy,2314304,25.08,58042744.32,0001671445-26-000004,2026-03-04,25.170000076293945,22.209999084472656,,,-11.76,,,false,,,
da2daad5-44a9-46f3-9b3e-252c1d3e3349,CSGP,SAINT FREDERICK G.,0001500076,"President, Marketplaces","President, Marketplaces",2026-03-02,P,buy,20000,45.33,906600,0001500076-26-000006,2026-03-03,45.16999816894531,39.630001068115234,,,-12.26,,,false,,,
3d10949d-761e-4fc8-91ca-94d4f6e8b8cd,CRM,ALBER LAURA,0001225922,,Director,2026-03-19,P,buy,491,194.54,95519.14,0001108524-26-000066,2026-03-19,194.99000549316406,,,,,,,,,,