symbol,name,sector,cik
BRKB,"BERKSHIRE HATHAWAY INC CLASS B","Financials",0001067983
MRVL,"MARVELL TECHNOLOGY INC","Information Technology",0001835632
BNY,"BANK OF NEW YORK MELLON CORP","Financials",0001390777
SNOW,"SNOWFLAKE INC","Information Technology",0001640147
SPOT,"SPOTIFY TECHNOLOGY SA","Communication",0001639920
NET,"CLOUDFLARE INC CLASS A","Information Technology",0001477333
FLEX,"FLEX LTD","Information Technology",0000866374
LNG,"CHENIERE ENERGY INC","Energy",0000003570
ALAB,"ASTERA LABS INC","Information Technology",0001736297
FERG,"FERGUSON ENTERPRISES INC","Industrials",0002011641
AU,"ANGLOGOLD ASHANTI PLC","Materials",0001973832
NU,"NU HOLDINGS CLASS A","Financials",0001691493
ALNY,"ALNYLAM PHARMACEUTICALS INC","Health Care",0001178670
CASY,"CASEYS GENERAL STORES INC","Consumer Staples",0000726958
FTI,"TECHNIPFMC PLC","Energy",0001681459
TWLO,"TWILIO INC CLASS A","Information Technology",0001447669
NTRA,"NATERA INC","Health Care",0001604821
CW,"CURTISS WRIGHT CORP","Industrials",0000026324
RVMD,"REVOLUTION MEDICINES INC","Health Care",0001628171
MDB,"MONGODB INC CLASS A","Information Technology",0001441816
CRS,"CARPENTER TECHNOLOGY CORP","Industrials",0000017843
ATI,"ATI INC","Industrials",0001018963
NVT,"NVENT ELECTRIC PLC","Industrials",0001720635
XPO,"XPO INC","Industrials",0001166003
QSR,"RESTAURANTS BRANDS INTERNATIONAL I","Consumer Discretionary",0001618756
MTSI,"MACOM TECHNOLOGY SOLUTIONS INC","Information Technology",0001493594
ZM,"ZOOM COMMUNICATIONS INC CLASS A","Information Technology",0001585521
FTAI,"FTAI AVIATION LTD","Industrials",0001590364
ILMN,"ILLUMINA INC","Health Care",0001110803
MKSI,"MKS","Information Technology",0001049502
VEEV,"VEEVA SYSTEMS INC CLASS A","Health Care",0001393052
LPLA,"LPL FINANCIAL HOLDINGS INC","Financials",0001397911
UTHR,"UNITED THERAPEUTICS CORP","Health Care",0001082554
WWD,"WOODWARD INC","Industrials",0000108312
MKL,"MARKEL GROUP INC","Financials",0001096343
ENTG,"ENTEGRIS INC","Information Technology",0001101302
P,"EVERPURE INC CLASS A","Information Technology",0001474432
MTZ,"MASTEC INC","Industrials",0000015615
CPNG,"COUPANG INC CLASS A","Consumer Discretionary",0001834584
RS,"RELIANCE STEEL & ALUMINUM","Materials",0000861884
BURL,"BURLINGTON STORES INC","Consumer Discretionary",0001579298
RPRX,"ROYALTY PHARMA PLC CLASS A","Health Care",0001802768
SNX,"TD SYNNEX CORP","Information Technology",0001177394
RDDT,"REDDIT INC CLASS A","Communication",0001713445
USFD,"US FOODS HOLDING CORP","Consumer Staples",0001665918
INSM,"INSMED INC","Health Care",0001104506
RBA,"RB GLOBAL INC","Industrials",0001046102
LSCC,"LATTICE SEMICONDUCTOR CORP","Information Technology",0000855658
OKTA,"OKTA INC CLASS A","Information Technology",0001660134
FCNCA,"FIRST CITIZENS BANCSHARES INC CLAS","Financials",0000798941
FDXF,"FEDEX FREIGHT HOLDING COMPANY INC","Industrials",0002082247
FWONK,"LIBERTY MEDIA FORMULA ONE SERIES C","Communication",0001560385
RBC,"RBC BEARINGS INC","Industrials",0001324948
HEIA,"HEICO CORP CLASS A","Industrials",0000046619
ROKU,"ROKU INC CLASS A","Communication",0001428439
ASTS,"AST SPACEMOBILE INC CLASS A","Communication",0001780312
EWBC,"EAST WEST BANCORP INC","Financials",0001069157
AFRM,"AFFIRM HOLDINGS INC CLASS A","Financials",0001820953
BAM,"BROOKFIELD ASSET MANAGEMENT VOTING","Financials",0001937926
AA,"ALCOA CORP","Materials",0001675149
WCC,"WESCO INTERNATIONAL INC","Industrials",0000929008
FLUT,"FLUTTER ENTERTAINMENT PLC","Consumer Discretionary",0001635327
RGLD,"ROYAL GOLD INC","Materials",0000085535
BWXT,"BWX TECHNOLOGIES INC","Industrials",0001486957
WPC,"W. P. CAREY REIT INC","Real Estate",0001025378
OVV,"OVINTIV INC","Energy",0001792580
TLN,"TALEN ENERGY CORP","Utilities",0001622536
BWA,"BORGWARNER INC","Consumer Discretionary",0000908255
PFGC,"PERFORMANCE FOOD GROUP","Consumer Staples",0001618673
VIK,"VIKING HOLDINGS","Consumer Discretionary",0001745201
SCCO,"SOUTHERN COPPER CORP","Materials",0001001838
ITT,"ITT INC","Industrials",0000216228
ONTO,"ONTO INNOVATION INC","Information Technology",0000704532
UNM,"UNUM","Financials",0000005513
NLY,"ANNALY CAPITAL MANAGEMENT REIT INC","Financials",0001043219
SUI,"SUN COMMUNITIES REIT INC","Real Estate",0000912593
APG,"API GROUP CORP","Industrials",0001796209
NBIX,"NEUROCRINE BIOSCIENCES INC","Health Care",0000914475
THC,"TENET HEALTHCARE CORP","Health Care",0000070318
MLI,"MUELLER INDUSTRIES INC","Industrials",0000089439
TEAM,"ATLASSIAN CORP CLASS A","Information Technology",0001650372
MDLN,"MEDLINE INC CLASS A","Health Care",0002046386
SGI,"SOMNIGROUP INTERNATIONAL INC","Consumer Discretionary",0001206264
CLH,"CLEAN HARBORS INC","Industrials",0000822818
DTM,"DT MIDSTREAM INC","Energy",0001842022
EXEL,"EXELIXIS INC","Health Care",0000939767
CSL,"CARLISLE COMPANIES INC","Industrials",0000790051
SSNC,"SS AND C TECHNOLOGIES HOLDINGS INC","Industrials",0001402436
ARMK,"ARAMARK","Consumer Discretionary",0001584509
TOL,"TOLL BROTHERS INC","Consumer Discretionary",0000794170
RRX,"REGAL REXNORD CORP","Industrials",0000082811
PNFP,"PINNACLE FINANCIAL PARTNERS INC","Financials",0002082866
JLL,"JONES LANG LASALLE INC","Real Estate",0001037976
HEI,"HEICO CORP","Industrials",0000046619
DKS,"DICKS SPORTING INC","Consumer Discretionary",0001089063
LECO,"LINCOLN ELECTRIC HOLDINGS INC","Industrials",0000059527
PR,"PERMIAN RESOURCES CORP CLASS A","Energy",0001658566
RGA,"REINSURANCE GROUP OF AMERICA INC","Financials",0000898174
LAMR,"LAMAR ADVERTISING COMPANY CLAS","Real Estate",0001090425
RNR,"RENAISSANCERE HOLDING LTD","Financials",0000913144
JAZZ,"JAZZ PHARMACEUTICALS PLC","Health Care",0001232524
EQH,"EQUITABLE HOLDINGS INC","Financials",0001333986
OHI,"OMEGA HEALTHCARE INVESTORS REIT IN","Real Estate",0000888491
RPM,"RPM INTERNATIONAL INC","Materials",0000110621
SOLS,"SOLSTICE ADVANCED MATERIALS INC","Materials",0002064953
WSO,"WATSCO INC","Industrials",0000105016
FNF,"FIDELITY NATIONAL FINANCIAL INC","Financials",0001331875
ZS,"ZSCALER INC","Information Technology",0001713683
EVR,"EVERCORE INC CLASS A","Financials",0001360901
GLPI,"GAMING AND LEISURE PROPERTIES REIT","Real Estate",0001575965
TRU,"TRANSUNION","Industrials",0001552033
ROIV,"ROIVANT SCIENCES LTD","Health Care",0001635088
SAIA,"SAIA INC","Industrials",0001177702
NTNX,"NUTANIX INC CLASS A","Information Technology",0001618732
KNX,"KNIGHT-SWIFT TRANSPORTATION HOLDIN","Industrials",0001492691
FHN,"FIRST HORIZON CORP","Financials",0000036966
ALLY,"ALLY FINANCIAL INC","Financials",0000040729
GGG,"GRACO INC","Industrials",0000042888
ELS,"EQUITY LIFESTYLE PROPERTIES REIT I","Real Estate",0000895417
RKT,"ROCKET COMPANIES INC CLASS A","Financials",0001805284
WBS,"WEBSTER FINANCIAL CORP","Financials",0000801337
AIT,"APPLIED INDUSTRIAL TECHNOLOGIES IN","Industrials",0000109563
ARW,"ARROW ELECTRONICS INC","Information Technology",0000007536
BJ,"BJS WHOLESALE CLUB HOLDINGS INC","Consumer Staples",0001531152
DT,"DYNATRACE INC","Information Technology",0001773383
PEN,"PENUMBRA INC","Health Care",0001321732
PINS,"PINTEREST INC CLASS A","Communication",0001506293
CG,"CARLYLE GROUP INC","Financials",0001527166
TW,"TRADEWEB MARKETS INC CLASS A","Financials",0001758730
NYT,"NEW YORK TIMES CLASS A","Communication",0000071691
ELAN,"ELANCO ANIMAL HEALTH INC","Health Care",0001739104
BLD,"TOPBUILD CORP","Consumer Discretionary",0001633931
CCK,"CROWN HOLDINGS INC","Materials",0001219601
AGNC,"AGNC INVESTMENT REIT CORP","Financials",0001423689
CACI,"CACI INTERNATIONAL INC CLASS A","Industrials",0000016058
TOST,"TOAST INC CLASS A","Financials",0001650164
DINO,"HF SINCLAIR CORP","Energy",0001915657
LFUS,"LITTELFUSE INC","Information Technology",0000889331
IONS,"IONIS PHARMACEUTICALS INC","Health Care",0000874015
AMH,"AMERICAN HOMES RENT REIT CLASS A","Real Estate",0001562401
R,"RYDER SYSTEM INC","Industrials",0000085961
TXRH,"TEXAS ROADHOUSE INC","Consumer Discretionary",0001289460
SN,"SHARKNINJA INC","Consumer Discretionary",0001957132
CGNX,"COGNEX CORP","Information Technology",0000851205
SF,"STIFEL FINANCIAL CORP","Financials",0000720672
FIVE,"FIVE BELOW INC","Consumer Discretionary",0001177609
SCI,"SERVICE","Consumer Discretionary",0000089089
QXO,"QXO INC","Industrials",0001236275
VMI,"VALMONT INDS INC","Industrials",0000102729
EGP,"EASTGROUP PROPERTIES REIT INC","Real Estate",0000049600
WTRG,"ESSENTIAL UTILITIES INC","Utilities",0000078128
COKE,"COCA COLA CONSOLIDATED INC","Consumer Staples",0000317540
MUSA,"MURPHY USA INC","Consumer Discretionary",0001573516
WTFC,"WINTRUST FINANCIAL CORP","Financials",0001015328
IOT,"SAMSARA INC CLASS A","Information Technology",0001642896
BMRN,"BIOMARIN PHARMACEUTICAL INC","Health Care",0001048477
ZION,"ZIONS BANCORPORATION","Financials",0000109380
BPOP,"POPULAR INC","Financials",0000763901
GWRE,"GUIDEWIRE SOFTWARE INC","Information Technology",0001528396
MEDP,"MEDPACE HOLDINGS INC","Health Care",0001668397
AMKR,"AMKOR TECHNOLOGY INC","Information Technology",0001047127
MOH,"MOLINA HEALTHCARE INC","Health Care",0001179929
OC,"OWENS CORNING","Industrials",0001370946
BRX,"BRIXMOR PROPERTY GROUP REIT INC","Real Estate",0001581068
AR,"ANTERO RESOURCES CORP","Energy",0001433270
DCI,"DONALDSON INC","Industrials",0000029644
CR,"CRANE","Industrials",0001944013
GFS,"GLOBALFOUNDRIES INC","Information Technology",0001709048
EHC,"ENCOMPASS HEALTH CORP","Health Care",0000785161
AMG,"AFFILIATED MANAGERS GROUP INC","Financials",0001004434
AAL,"AMERICAN AIRLINES GROUP INC","Industrials",0000006201
FLS,"FLOWSERVE CORP","Industrials",0000030625
SSB,"SOUTHSTATE BANK CORP","Financials",0000764038
ESI,"ELEMENT SOLUTIONS INC","Materials",0001590714
ALSN,"ALLISON TRANSMISSION HOLDINGS INC","Industrials",0001411207
RBRK,"RUBRIK INC CLASS A","Information Technology",0001943896
OGE,"OGE ENERGY CORP","Utilities",0001021635
TIGO,"MILLICOM INTERNATIONAL CELLULAR SA","Communication",0000912958
HUBS,"HUBSPOT INC","Information Technology",0001404655
WMS,"ADVANCED DRAINAGE SYSTEMS INC","Industrials",0001604028
JEF,"JEFFERIES FINANCIAL GROUP INC","Financials",0000096223
BAH,"BOOZ ALLEN HAMILTON HOLDING CORP C","Industrials",0001443646
CUBE,"CUBESMART REIT","Real Estate",0001298675
CNM,"CORE & MAIN INC CLASS A","Industrials",0001856525
PRI,"PRIMERICA INC","Financials",0001475922
ACM,"AECOM","Industrials",0000868857
COLB,"COLUMBIA BANKING SYSTEM INC","Financials",0000887343
CNH,"CNH INDUSTRIAL N.V. NV","Industrials",0001567094
AYI,"ACUITY INC","Industrials",0001144215
SEIC,"SEI INVESTMENTS","Financials",0000350894
RRC,"RANGE RESOURCES CORP","Energy",0000315852
CAVA,"CAVA GROUP INC","Consumer Discretionary",0001639438
DOCU,"DOCUSIGN INC","Information Technology",0001261333
DAR,"DARLING INGREDIENTS INC","Consumer Staples",0000916540
GMED,"GLOBUS MEDICAL INC CLASS A","Health Care",0001237831
TTC,"TORO","Industrials",0000737758
WAL,"WESTERN ALLIANCE","Financials",0001212545
CRCL,"CIRCLE INTERNET GROUP INC CLASS A","Information Technology",0001876042
AFG,"AMERICAN FINANCIAL GROUP INC","Financials",0001042046
VOYA,"VOYA FINANCIAL INC","Financials",0001535929
ORI,"OLD REPUBLIC INTERNATIONAL CORP","Financials",0000074260
OSK,"OSHKOSH CORP","Industrials",0000775158
AAON,"AAON INC","Industrials",0000824142
CFR,"CULLEN FROST BANKERS INC","Financials",0000039263
U,"UNITY SOFTWARE INC","Information Technology",0001810806
NNN,"NNN REIT INC","Real Estate",0000751364
EMN,"EASTMAN CHEMICAL","Materials",0000915389
MTCH,"MATCH GROUP INC","Communication",0000891103
ADC,"AGREE REALTY REIT CORP","Real Estate",0000917251
MANH,"MANHATTAN ASSOCIATES INC","Information Technology",0001056696
ONON,"ON HOLDING AG CLASS A","Consumer Discretionary",0001858985
TKR,"TIMKEN","Industrials",0000098362
SFM,"SPROUTS FARMERS MARKET INC","Consumer Staples",0001575515
CRUS,"CIRRUS LOGIC INC","Information Technology",0000772406
QRVO,"QORVO INC","Information Technology",0001604778
REXR,"REXFORD INDUSTRIAL REALTY REIT INC","Real Estate",0001571283
VNOM,"VIPER ENERGY INC CLASS A","Energy",0002074176
BROS,"DUTCH BROS INC CLASS A","Consumer Discretionary",0001866581
MP,"MP MATERIALS CORP CLASS A","Materials",0001801368
H,"HYATT HOTELS CORP CLASS A","Consumer Discretionary",0001468174
SSD,"SIMPSON MANUFACTURING INC","Industrials",0000920371
HALO,"HALOZYME THERAPEUTICS INC","Health Care",0001159036
AXS,"AXIS CAPITAL HOLDINGS LTD","Financials",0001214816
FR,"FIRST INDUSTRIAL REALTY TRUST INC","Real Estate",0000921825
LSTR,"LANDSTAR SYSTEM INC","Industrials",0000853816
CRBG,"COREBRIDGE FINANCIAL INC","Financials",0001889539
KEX,"KIRBY CORP","Industrials",0000056047
CHRD,"CHORD ENERGY CORP","Energy",0001486159
NOV,"NOV INC","Energy",0001021860
KMX,"CARMAX INC","Consumer Discretionary",0001170010
ATR,"APTARGROUP INC","Materials",0000896622
CORT,"CORCEPT THERAPEUTICS INC","Health Care",0001088856
HXL,"HEXCEL CORP","Industrials",0000717605
CLF,"CLEVELAND CLIFFS INC","Materials",0000764065
ECG,"EVERUS CONSTRUCTION GROUP INC","Industrials",0002015845
UGI,"UGI CORP","Utilities",0000884614
IDA,"IDACORP INC","Utilities",0001057877
LEA,"LEAR CORP","Consumer Discretionary",0000842162
QGEN,"QIAGEN NV","Health Care",0001015820
MIDD,"MIDDLEBY CORP","Industrials",0000769520
RAL,"RALLIANT CORP","Information Technology",0002041385
TTEK,"TETRA TECH INC","Industrials",0000831641
LAD,"LITHIA MOTORS INC CLASS A","Consumer Discretionary",0001023128
HLI,"HOULIHAN LOKEY INC CLASS A","Financials",0001302215
W,"WAYFAIR INC CLASS A","Consumer Discretionary",0001616707
CBSH,"COMMERCE BANCSHARES INC","Financials",0000022356
AM,"ANTERO MIDSTREAM CORP","Energy",0001623925
NFG,"NATIONAL FUEL GAS","Utilities",0000070145
AVT,"AVNET INC","Information Technology",0000008858
WFRD,"WEATHERFORD INTERNATIONAL PLC","Energy",0001603923
STAG,"STAG INDUSTRIAL REIT INC","Real Estate",0001479094
AXTA,"AXALTA COATING SYSTEMS LTD","Materials",0001616862
ENPH,"ENPHASE ENERGY INC","Information Technology",0001463101
AGCO,"AGCO CORP","Industrials",0000880266
AUR,"AURORA INNOVATION INC CLASS A","Information Technology",0001828108
ST,"SENSATA TECHNOLOGIES HOLDING PLC","Industrials",0001477294
THG,"HANOVER INSURANCE GROUP INC","Financials",0000944695
CART,"MAPLEBEAR INC","Consumer Staples",0001579091
EXP,"EAGLE MATERIALS INC","Materials",0000918646
PAYC,"PAYCOM SOFTWARE INC","Industrials",0001590955
GTES,"GATES INDUSTRIAL PLC","Industrials",0001718512
M,"MACYS INC","Consumer Discretionary",0000794367
RGEN,"REPLIGEN CORP","Health Care",0000730272
LKQ,"LKQ CORP","Consumer Discretionary",0001065696
VNO,"VORNADO REALTY TRUST REIT","Real Estate",0000899689
KNSL,"KINSALE CAPITAL GROUP INC","Financials",0001669162
FNB,"FNB CORP","Financials",0000037808
HR,"HEALTHCARE REALTY TRUST INC CLASS","Real Estate",0001360604
ETSY,"ETSY INC","Consumer Discretionary",0001370637
JHG,"JANUS HENDERSON GROUP PLC","Financials",0001274173
LNC,"LINCOLN NATIONAL CORP","Financials",0000059558
PB,"PROSPERITY BANCSHARES INC","Financials",0001068851
AWI,"ARMSTRONG WORLD INDUSTRIES INC","Industrials",0000007431
OMF,"ONEMAIN HOLDINGS INC","Financials",0001584207
RYN,"RAYONIER REIT INC","Real Estate",0000052827
XP,"XP CLASS A INC","Financials",0001787425
INGR,"INGREDION INC","Consumer Staples",0001046257
FAF,"FIRST AMERICAN FINANCIAL CORP","Financials",0001472787
MTDR,"MATADOR RESOURCES","Energy",0001520006
DOX,"AMDOCS LTD","Information Technology",0001062579
CROX,"CROCS INC","Consumer Discretionary",0001334036
VFC,"VF CORP","Consumer Discretionary",0000103379
ALGM,"ALLEGRO MICROSYSTEMS INC","Information Technology",0000866291
AVTR,"AVANTOR INC","Health Care",0001722482
PRMB,"PRIMO BRANDS CLASS A CORP","Consumer Staples",0002042694
MSGS,"MADISON SQUARE GARDEN SPORTS CORP","Communication",0001636519
LW,"LAMB WESTON HOLDINGS INC","Consumer Staples",0001679273
SARO,"STANDARDAERO","Industrials",0002025410
MSA,"MSA SAFETY INC","Industrials",0000066570
CZR,"CAESARS ENTERTAINMENT INC","Consumer Discretionary",0001590895
WH,"WYNDHAM HOTELS RESORTS INC","Consumer Discretionary",0001722684
GNTX,"GENTEX CORP","Consumer Discretionary",0000355811
CHE,"CHEMED CORP","Health Care",0000019584
OWL,"BLUE OWL CAPITAL INC CLASS A","Financials",0001823945
VSNT,"VERSANT MEDIA GROUP INC","Communication",0002067876
TFX,"TELEFLEX INC","Health Care",0000096943
OZK,"BANK OZK","Financials",0001569650
CE,"CELANESE CORP","Materials",0001306830
STWD,"STARWOOD PROPERTY TRUST REIT INC","Financials",0001465128
GXO,"GXO LOGISTICS INC","Industrials",0001852244
MTG,"MGIC INVESTMENT CORP","Financials",0000876437
CHDN,"CHURCHILL DOWNS INC","Consumer Discretionary",0000020212
FND,"FLOOR DECOR HOLDINGS INC CLASS A","Consumer Discretionary",0001507079
MHK,"MOHAWK INDUSTRIES INC","Consumer Discretionary",0000851968
UHALB,"U HAUL NON VOTING SERIES N","Industrials",0000004457
TPG,"TPG INC CLASS A","Financials",0001880661
BRKR,"BRUKER CORP","Health Care",0001109354
SAIC,"SCIENCE APPLICATIONS INTERNATIONAL","Industrials",0001571123
BIO,"BIO RAD LABORATORIES INC CLASS A","Health Care",0000012208
ACI,"ALBERTSONS COMPANY INC CLASS A","Consumer Staples",0001646972
ALK,"ALASKA AIR GROUP INC","Industrials",0000766421
PCOR,"PROCORE TECHNOLOGIES INC","Information Technology",0001611052
FBIN,"FORTUNE BRANDS INNOVATIONS INC","Industrials",0001519751
BC,"BRUNSWICK CORP","Consumer Discretionary",0000014930
AS,"AMER SPORTS INC","Consumer Discretionary",0001988894
ESTC,"ELASTIC NV","Information Technology",0001707753
AN,"AUTONATION INC","Consumer Discretionary",0000350698
SIRI,"SIRIUSXM HOLDINGS INC","Communication",0000908937
Z,"ZILLOW GROUP INC CLASS C","Real Estate",0001617640
ESAB,"ESAB CORP","Industrials",0001877322
G,"GENPACT LTD","Industrials",0001398659
SON,"SONOCO PRODUCTS","Materials",0000091767
MSM,"MSC INDUSTRIAL INC CLASS A","Industrials",0001003078
BYD,"BOYD GAMING CORP","Consumer Discretionary",0000906553
GAP,"GAP INC","Consumer Discretionary",0000039911
DBX,"DROPBOX INC CLASS A","Information Technology",0001467623
TREX,"TREX INC","Industrials",0001069878
OLLI,"OLLIES BARGAIN OUTLET HOLDINGS INC","Consumer Discretionary",0001639300
FCN,"FTI CONSULTING INC","Industrials",0000887936
WSC,"WILLSCOT HOLDINGS CORP CLASS A","Industrials",0001647088
NXST,"NEXSTAR MEDIA GROUP INC","Communication",0001142417
VVV,"VALVOLINE INC","Consumer Discretionary",0001674910
NEU,"NEWMARKET CORP","Materials",0001282637
WEX,"WEX INC","Financials",0001309108
VIRT,"VIRTU FINANCIAL INC CLASS A","Financials",0001592386
SITE,"SITEONE LANDSCAPE SUPPLY INC","Industrials",0001650729
BEPC,"BROOKFIELD RENEWABLE SUBORDINATE V","Utilities",0001791863
HRB,"H&R BLOCK INC","Consumer Discretionary",0000012659
WTM,"WHITE MOUNTAINS INSURANCE GROUP LT","Financials",0000776867
CUZ,"COUSINS PROPERTIES REIT INC","Real Estate",0000025232
BSY,"BENTLEY SYSTEMS INC CLASS B","Information Technology",0001031308
LPX,"LOUISIANA PACIFIC CORP","Materials",0000060519
RITM,"RITHM CAPITAL CORP","Financials",0001556593
CELH,"CELSIUS HOLDINGS INC","Consumer Staples",0001341766
PCTY,"PAYLOCITY HOLDING CORP","Industrials",0001591698
MTN,"VAIL RESORTS INC","Consumer Discretionary",0000812011
MAT,"MATTEL INC","Consumer Discretionary",0000063276
KBR,"KBR INC","Industrials",0001357615
MKTX,"MARKETAXESS HOLDINGS INC","Financials",0001278021
LLYVK,"LIBERTY LIVE HOLDINGS INC SERIES C","Consumer Discretionary",0002078416
SLM,"SLM CORP","Financials",0001032033
DUOL,"DUOLINGO INC CLASS A","Consumer Discretionary",0001562088
TNL,"TRAVEL LEISURE","Consumer Discretionary",0001361658
TEM,"TEMPUS AI INC CLASS A","Health Care",0001717115
RLI,"RLI CORP","Financials",0000084246
EXLS,"EXLSERVICE HOLDINGS INC","Industrials",0001297989
POST,"POST HOLDINGS INC","Consumer Staples",0001530950
WING,"WINGSTOP INC","Consumer Discretionary",0001636222
CHWY,"CHEWY INC CLASS A","Consumer Discretionary",0001766502
IRDM,"IRIDIUM COMMUNICATIONS INC","Communication",0001418819
MRP,"MILLROSE PROPERTIES INC CLASS A","Real Estate",0002017206
S,"SENTINELONE INC CLASS A","Information Technology",0001583708
KRC,"KILROY REALTY REIT CORP","Real Estate",0001025996
CWEN,"CLEARWAY ENERGY INC CLASS C","Utilities",0001567683
EPR,"EPR PROPERTIES REIT","Real Estate",0001045450
MDU,"MDU RESOURCES GROUP INC","Utilities",0000067716
YETI,"YETI HOLDINGS INC","Consumer Discretionary",0001670592
VNT,"VONTIER CORP","Information Technology",0001786842
PLNT,"PLANET FITNESS INC CLASS A","Consumer Discretionary",0001637207
PATH,"UIPATH INC CLASS A","Information Technology",0001734722
BBWI,"BATH AND BODY WORKS INC","Consumer Discretionary",0000701985
COLD,"AMERICOLD REALTY INC TRUST","Real Estate",0001455863
MORN,"MORNINGSTAR INC","Financials",0001289419
LOPE,"GRAND CANYON EDUCATION INC","Consumer Discretionary",0001434588
NVST,"ENVISTA HOLDINGS CORP","Health Care",0001757073
LAZ,"LAZARD INC","Financials",0001311370
THO,"THOR INDUSTRIES INC","Consumer Discretionary",0000730263
OLED,"UNIVERSAL DISPLAY CORP","Information Technology",0001005284
SHC,"SOTERA HEALTH COMPANY","Health Care",0001822479
BFB,"BROWN FORMAN CORP CLASS B","Consumer Staples",0000014693
PVH,"PVH CORP","Consumer Discretionary",0000078239
LBRDK,"LIBERTY BROADBAND CORP SERIES C","Communication",0001611983
BHF,"BRIGHTHOUSE FINANCIAL INC","Financials",0001685040
BFAM,"BRIGHT HORIZONS FAMILY SOLUTIONS I","Consumer Discretionary",0001437578
GTLB,"GITLAB INC CLASS A","Information Technology",0001653482
DRS,"LEONARDO DRS INC","Industrials",0001833756
RYAN,"RYAN SPECIALTY HOLDINGS INC CLASS","Financials",0001849253
FHB,"FIRST HAWAIIAN INC","Financials",0000036377
JHX,"JAMES HARDIE INDUSTRIES PLC","Materials",0001159152
OGN,"ORGANON","Health Care",0001821825
AGO,"ASSURED GUARANTY LTD","Financials",0001273813
AMTM,"AMENTUM HOLDINGS INC","Industrials",0002011286
APPF,"APPFOLIO INC CLASS A","Information Technology",0001433195
SLGN,"SILGAN HOLDINGS INC","Materials",0000849869
ADT,"ADT INC","Consumer Discretionary",0001703056
VGNT,"VERSIGENT PLC","Consumer Discretionary",0002078008
RHI,"ROBERT HALF","Industrials",0000315213
TDC,"TERADATA CORP","Information Technology",0000816761
CAR,"AVIS BUDGET GROUP INC","Industrials",0000723612
RNG,"RINGCENTRAL INC CLASS A","Information Technology",0001384905
DLB,"DOLBY LABORATORIES INC CLASS A","Information Technology",0001308547
HIW,"HIGHWOODS PROPERTIES REIT INC","Real Estate",0000921082
ELF,"ELF BEAUTY INC","Consumer Staples",0001600033
HLNE,"HAMILTON LANE INC CLASS A","Financials",0001433642
PAG,"PENSKE AUTOMOTIVE GROUP VOTING INC","Consumer Discretionary",0001019849
GPK,"GRAPHIC PACKAGING HOLDING","Materials",0001408075
LINE,"LINEAGE INC","Real Estate",0001868159
NSA,"NATIONAL STORAGE AFFILIATES TRUST","Real Estate",0001618563
PPLI,"PEOPLE","Communication",0001800227
BOKF,"BOK FINANCIAL CORP","Financials",0000875357
VKTX,"VIKING THERAPEUTICS INC","Health Care",0001607678
PK,"PARK HOTELS RESORTS INC","Real Estate",0001617406
PSN,"PARSONS CORP","Industrials",0000275880
QS,"QUANTUMSCAPE CORP CLASS A","Consumer Discretionary",0001811414
ASH,"ASHLAND INC","Materials",0001674862
HAYW,"HAYWARD HOLDINGS INC","Industrials",0001834622
LOAR,"LOAR HOLDINGS INC","Industrials",0002000178
WLK,"WESTLAKE CORP","Materials",0001262823
HOG,"HARLEY DAVIDSON INC","Consumer Discretionary",0000793952
OLN,"OLIN CORP","Materials",0000074303
CHH,"CHOICE HOTELS INTERNATIONAL INC","Consumer Discretionary",0001046311
IPGP,"IPG PHOTONICS CORP","Information Technology",0001111928
PEGA,"PEGASYSTEMS INC","Information Technology",0001013857
CCC,"CCC INTELLIGENT SOLUTIONS HOLDINGS","Information Technology",0001818201
FOUR,"SHIFT4 PAYMENTS INC CLASS A","Financials",0001794669
SMG,"SCOTTS MIRACLE GRO","Materials",0000825542
KD,"KYNDRYL HOLDINGS INC","Information Technology",0001867072
BILL,"BILL HOLDINGS INC","Information Technology",0001786352
HUN,"HUNTSMAN CORP","Materials",0001307954
DOCS,"DOXIMITY INC CLASS A","Health Care",0001516513
EEFT,"EURONET WORLDWIDE INC","Financials",0001029199
BIRK,"BIRKENSTOCK HOLDING PLC","Consumer Discretionary",0001977102
UI,"UBIQUITI INC","Information Technology",0001511737
CACC,"CREDIT ACCEPTANCE CORP","Financials",0000885550
MPT,"MEDICAL PROPERTIES TRUST REIT INC","Real Estate",0001287865
FRPT,"FRESHPET INC","Consumer Staples",0001611647
KRMN,"KARMAN HOLDINGS INC","Industrials",0002040127
FRHC,"FREEDOM HOLDING CORP","Financials",0000924805
WHR,"WHIRLPOOL CORP","Consumer Discretionary",0000106640
RH,"RH","Consumer Discretionary",0001528849
ACHC,"ACADIA HEALTHCARE COMPANY INC","Health Care",0001520697
HHH,"HOWARD HUGHES HOLDINGS INC","Real Estate",0001981792
RARE,"ULTRAGENYX PHARMACEUTICAL INC","Health Care",0001515673
WU,"WESTERN UNION","Financials",0001365135
CXT,"CRANE NXT","Information Technology",0000025445
NWL,"NEWELL BRANDS INC","Consumer Discretionary",0000814453
LBTYA,"LIBERTY GLOBAL LTD CLASS A","Communication",0001570585
FWONA,"LIBERTY MEDIA FORMULA ONE SERIES A","Communication",0001560385
XRAY,"DENTSPLY SIRONA INC","Health Care",0000818479
LLYVA,"LIBERTY LIVE HOLDINGS INC SERIES A","Consumer Discretionary",0002078416
DDS,"DILLARDS INC CLASS A","Consumer Discretionary",0000028917
SNDR,"SCHNEIDER NATIONAL INC CLASS B","Industrials",0001692063
COLM,"COLUMBIA SPORTSWEAR","Consumer Discretionary",0001050797
LBTYK,"LIBERTY GLOBAL LTD CLASS C","Communication",0001570585
CAI,"CARIS LIFE SCIENCES INC","Health Care",0002019410
SMMT,"SUMMIT THERAPEUTICS INC","Health Care",0001599298
NCNO,"NCINO INC","Information Technology",0001902733
DXC,"DXC TECHNOLOGY","Information Technology",0001688568
MAN,"MANPOWER INC","Industrials",0000871763
GLOB,"GLOBANT SA","Information Technology",0001557860
KMPR,"KEMPER CORP","Financials",0000860748
SEB,"SEABOARD CORP","Consumer Staples",0000088121
ZG,"ZILLOW GROUP INC CLASS A","Real Estate",0001617640
PRGO,"PERRIGO PLC","Health Care",0001585364
FMC,"FMC CORP","Materials",0000037785
FLO,"FLOWERS FOODS INC","Consumer Staples",0001128928
SAM,"BOSTON BEER INC CLASS A","Consumer Staples",0000949870
DV,"DOUBLEVERIFY HOLDINGS INC","Communication",0001819928
SRPT,"SAREPTA THERAPEUTICS INC","Health Care",0000873303
BFA,"BROWN FORMAN CORP CLASS A","Consumer Staples",0000014693
INSP,"INSPIRE MEDICAL SYSTEMS INC","Health Care",0001609550
REYN,"REYNOLDS CONSUMER PRODUCTS INC","Consumer Staples",0001786431
DJT,"TRUMP MEDIA TECHNOLOGY GROUP CORP","Communication",0001849635
SFD,"SMITHFIELD FOODS INC","Consumer Staples",0000091388
WEN,"WENDYS","Consumer Discretionary",0000030697
UAA,"UNDER ARMOUR INC CLASS A","Consumer Discretionary",0001336917
CNXC,"CONCENTRIX CORP","Industrials",0001803599
PPC,"PILGRIMS PRIDE CORP","Consumer Staples",0000802481
UA,"UNDER ARMOUR INC CLASS C","Consumer Discretionary",0001336917
BRBR,"BELLRING BRANDS INC","Consumer Staples",0001772016
CNA,"CNA FINANCIAL CORP","Financials",0000021175
TFSL,"TFS FINANCIAL CORP","Financials",0001381668
FIGR,"FIGURE TECHNOLOGY SOLUTIONS INC CL","Financials",0002064124
BLSH,"BULLISH","Financials",0001872195
CLVT,"CLARIVATE PLC","Industrials",0001764046
SAIL,"SAILPOINT INC","Information Technology",0002030781
COTY,"COTY INC CLASS A","Consumer Staples",0001024305
GTM,"ZOOMINFO TECHNOLOGIES INC","Communication",0001794515
LENB,"LENNAR CORP CLASS B","Consumer Discretionary",0000920760
GLIBK,"LIBERTY CAPITAL CORP SERIES C","Communication",0002057463
LCID,"LUCID GROUP INC","Consumer Discretionary",0001811210
CERT,"CERTARA INC","Health Care",0001827090
CBC,"CENTRAL BANCOMPANY INC CLASS A","Financials",0002065601
LBRDA,"LIBERTY BROADBAND CORP SERIES A","Communication",0001611983
UHAL,"U HAUL HOLDING","Industrials",0000004457
INGM,"INGRAM MICRO HOLDING CORP","Information Technology",0001897762
UWMC,"UWM HOLDINGS CORP CLASS A","Financials",0001783398
NIQ,"NIQ GLOBAL INTELLIGENCE PLC","Communication",0002054696
FRMI,"FERMI INC","Real Estate",0002071778
GLIBA,"LIBERTY CAPITAL CORP SERIES A","Communication",0002057463
